name,cgpa
naveen,9.000000
rohith,9.000000
xeg,8.150000
xen,8.460000
xen,8.460000
xej,8.490000
xet,5.330000
xey,6.830000
xey,6.830000
xey,6.830000
xey,6.830000
xey,6.830000
xdg,6.750000
xdl,7.650000
xdm,9.060000
xdt,5.440000
xdw,8.680000
xdy,6.440000
xdz,8.740000
caaapi,8.000000
rohith,9.000000
xdh,8.470000
xdn,5.900000
xdq,8.300000
xdu,5.130000
xea,9.070000
xed,9.230000
zyx,6.530000
zyz,8.900000
zza,6.890000
zzd,6.820000
zze,6.430000
zzn,6.570000
zzv,5.130000
zzz,9.720000
zzc,9.980000
zzg,8.880000
zzh,7.260000
zzm,9.730000
zzq,6.750000
zzt,5.540000
zyr,8.150000
zxs,5.060000
zxw,6.630000
zxx,6.420000
zxz,8.560000
zye,8.060000
zyf,8.080000
zyj,9.460000
zyb,5.820000
zyd,7.490000
zyi,7.860000
zyl,7.980000
zyu,6.650000
zyw,9.490000
zwn,9.250000
zwt,9.980000
zwx,9.750000
zxd,9.500000
zxe,8.410000
zxf,5.220000
zww,7.490000
zxb,5.390000
zxk,9.110000
zxq,8.270000
zvp,5.360000
zvt,7.970000
zwh,6.670000
zvm,7.200000
zvn,8.370000
zvs,9.840000
zvv,8.820000
zvy,6.500000
zwc,9.710000
zwg,7.660000
zvw,8.840000
zwb,7.770000
zwe,5.190000
zwk,6.660000
zwm,7.010000
zud,8.960000
zuf,5.480000
zuq,7.950000
zsr,8.160000
zvh,9.320000
zug,6.810000
zvb,9.060000
zve,6.070000
zuj,7.750000
zun,9.870000
zut,6.330000
zuy,5.570000
zvc,7.190000
zvf,6.650000
ztc,5.360000
zte,8.790000
zth,5.750000
zti,7.680000
ztj,8.770000
ztm,9.670000
ztv,9.910000
zto,6.320000
ztp,8.760000
ztq,5.850000
ztw,7.860000
ztx,8.900000
ztz,5.130000
zub,9.790000
zrv,6.430000
zrz,6.770000
zsh,8.820000
zsn,7.460000
zso,6.790000
zss,8.920000
zst,9.250000
zsu,7.150000
zrx,9.840000
zsp,9.160000
zsv,8.850000
zqr,7.640000
zqx,7.360000
zra,8.130000
zrr,5.880000
zqo,5.140000
zqq,6.420000
zqv,8.370000
zrb,6.820000
zrd,8.340000
zrk,5.430000
zrm,8.170000
zro,9.240000
zpq,8.070000
zpv,6.090000
zqh,5.210000
zql,8.590000
zqn,5.660000
zpn,7.220000
zqa,5.020000
zqf,8.680000
zqg,9.220000
znz,9.990000
zon,6.290000
zop,7.760000
zox,5.990000
zpi,8.270000
zoi,8.430000
zoj,6.780000
zoo,8.820000
zok,7.550000
zor,8.440000
zos,9.090000
zot,5.400000
zou,9.140000
zpf,9.770000
zmz,8.130000
znb,6.140000
znf,7.500000
znj,5.030000
znl,7.210000
zns,5.210000
zod,7.160000
znk,5.310000
znn,5.040000
znw,9.140000
zny,8.690000
zma,8.940000
zmc,5.570000
zme,8.070000
zmn,6.360000
zmv,5.300000
zmw,9.100000
zmi,9.350000
zmj,9.650000
zmu,7.780000
zmp,7.830000
zmx,5.030000
zlh,7.420000
zli,5.390000
zln,8.970000
zkp,5.570000
zku,5.730000
zkz,6.200000
zkc,7.010000
zjm,7.430000
zjp,7.860000
zju,7.490000
zjy,5.370000
zkf,5.330000
zjq,6.360000
zkb,6.670000
zke,8.080000
zkh,7.080000
zig,9.900000
zii,5.870000
ziq,9.940000
ziv,7.350000
ziw,6.330000
ziz,8.200000
zja,6.430000
zip,6.380000
zit,6.370000
zje,8.560000
zha,6.810000
zhm,7.600000
zhn,6.770000
zhw,8.430000
zhc,7.670000
zhg,9.100000
zhr,6.340000
zhs,9.070000
zhy,9.030000
zid,7.610000
zfz,8.480000
zgj,7.250000
zgw,5.930000
zfv,6.180000
zgc,7.120000
zgd,7.160000
zgv,9.350000
zfx,8.280000
zge,5.650000
zgg,9.640000
zgk,9.670000
zgl,5.780000
zgs,7.820000
zfs,6.140000
zer,8.760000
zeu,5.000000
zfl,7.260000
zes,7.800000
zet,9.620000
zez,6.360000
zfb,6.250000
zfe,8.180000
zff,6.480000
zfg,7.170000
zfj,8.850000
zfm,6.410000
zfn,8.260000
zfo,7.490000
zfq,7.200000
zft,7.700000
zdl,6.830000
zdw,7.540000
zdx,9.490000
zel,6.580000
zdm,9.220000
zdp,5.510000
zdu,8.340000
zec,8.890000
zed,7.080000
zej,8.930000
zek,6.480000
zem,8.580000
zcq,9.530000
zdd,9.260000
zde,9.670000
zci,9.230000
zcj,9.870000
zck,8.940000
zcn,5.080000
zct,7.330000
zcv,9.330000
zdi,5.340000
zdj,8.160000
zbb,5.290000
zce,5.470000
zbd,9.790000
zbf,5.960000
zbi,7.440000
zbq,6.660000
zca,9.680000
zbj,6.130000
zbn,8.550000
zbt,9.180000
zbu,9.130000
zbv,7.790000
zbw,6.620000
zac,7.310000
zad,6.680000
zaf,5.870000
zag,6.610000
zah,8.290000
zax,7.080000
zan,7.760000
zau,8.060000
zav,8.040000
yzb,5.100000
yzq,7.130000
yyu,9.080000
yyx,6.740000
yza,9.680000
yzc,5.320000
yzf,6.840000
yzi,5.710000
yzj,6.350000
yzn,9.590000
yzo,7.150000
yzr,8.680000
yzs,6.290000
yzv,8.050000
yxv,6.360000
yxz,7.330000
yye,9.890000
yyn,7.380000
yya,6.780000
yyo,8.820000
ywp,5.510000
ywu,6.600000
yxf,9.100000
yxg,5.730000
yxk,6.920000
ywj,6.730000
ywk,5.820000
ywq,6.630000
yws,8.080000
yxa,9.950000
yxc,5.960000
yxd,7.960000
yxh,8.290000
yvt,6.710000
ysw,9.800000
yvh,6.320000
yvk,7.240000
yvl,7.730000
yvo,5.940000
yvp,5.860000
yvr,9.940000
yvw,5.170000
yvz,5.480000
ywb,5.660000
ytx,7.830000
yun,6.890000
yuz,6.310000
ytz,6.220000
yuj,9.740000
yub,9.520000
yud,6.230000
yue,6.710000
yuk,5.580000
yur,9.030000
yuu,9.460000
yvb,8.110000
ysy,9.760000
yte,7.730000
ytl,7.110000
ytn,9.170000
yto,5.710000
ytu,5.980000
ysx,5.890000
yta,6.690000
ytp,6.450000
ytv,5.290000
ysn,5.360000
ysq,8.340000
yrr,7.960000
ysa,8.650000
ysh,5.200000
yrt,7.090000
yru,9.580000
yrw,6.760000
yry,7.710000
ysf,5.350000
ysr,7.000000
yqk,7.150000
yqq,7.650000
yqu,5.800000
yra,6.220000
yoe,9.660000
yqs,7.350000
yqv,8.480000
yqx,7.450000
yrd,6.580000
yrf,8.760000
yri,5.600000
yrj,7.850000
yrm,9.720000
ypd,9.960000
ype,5.390000
ypp,8.770000
ypx,6.810000
yqa,5.830000
yqh,8.180000
ypg,7.850000
ypl,9.080000
ypm,6.950000
ypr,8.670000
ypw,9.530000
ypy,8.350000
yqc,6.020000
yny,8.480000
yoa,6.870000
yoc,7.670000
yod,6.490000
yof,5.980000
yom,9.580000
yoq,7.070000
you,9.320000
yox,7.270000
ypa,9.830000
yol,8.050000
yoo,9.880000
yoz,9.390000
ymu,8.870000
ynb,6.730000
yne,7.530000
ynj,5.960000
ynq,7.910000
ymw,6.100000
ymz,5.430000
ynd,9.470000
ynh,6.080000
ynm,7.860000
ynk,7.290000
ynt,9.040000
ynu,6.390000
ynv,7.420000
ylr,8.220000
yls,6.950000
ymk,5.590000
yjm,9.030000
ylw,8.860000
ylz,5.920000
ymc,9.950000
ymr,8.450000
yly,7.010000
ymq,9.520000
ykw,6.060000
ylg,5.010000
ylk,8.980000
yko,5.950000
ykp,5.180000
yks,8.460000
yku,8.850000
ylc,7.220000
yli,5.550000
ylj,6.930000
yje,5.330000
yjf,5.990000
yji,8.050000
yhd,8.280000
yjt,8.780000
yjv,7.060000
yjz,7.700000
ykd,7.700000
yjh,6.830000
yjp,9.890000
ykc,7.240000
yke,5.560000
ykg,5.650000
yim,7.950000
yip,7.670000
yiv,6.540000
yjb,8.320000
yjd,6.260000
yhz,6.280000
yid,5.970000
yig,8.930000
yil,9.230000
yit,9.220000
yin,8.640000
yir,6.750000
yis,6.870000
yiu,5.380000
yha,5.920000
yhj,7.050000
yhm,8.210000
yho,5.470000
ygu,8.300000
ygz,8.500000
yhc,5.780000
yeu,8.980000
yhg,9.070000
yhl,5.240000
yhp,7.670000
yhs,5.820000
yhv,9.180000
yhw,7.250000
yfz,6.890000
yfq,9.890000
yfu,9.660000
yga,5.470000
ygj,9.010000
yfw,7.800000
yfx,9.460000
ygl,9.940000
ygt,7.150000
yen,6.280000
yes,5.670000
ycl,8.110000
yev,7.940000
yex,8.990000
yey,5.740000
yfo,7.080000
yep,5.480000
yeq,9.230000
yer,8.700000
yet,8.890000
yfc,9.950000
yfe,5.540000
yfk,5.950000
yfm,9.190000
ydh,9.240000
yeh,5.400000
ydi,5.250000
yef,6.110000
yei,6.200000
ydq,8.220000
ydz,6.670000
yee,6.150000
yeg,7.270000
ycb,7.600000
ycg,9.870000
ycj,8.280000
yck,9.760000
ycn,7.250000
ycu,5.900000
yde,6.760000
yct,9.930000
ycv,9.810000
ycx,5.340000
yay,8.400000
yaz,9.360000
ybe,7.450000
ybf,6.590000
ybo,5.600000
ybx,9.820000
yaw,6.480000
ybk,6.860000
ybl,6.830000
ybn,5.420000
ybr,5.420000
ybt,5.300000
ybv,9.740000
xzr,5.430000
xzt,5.550000
yaq,7.460000
xzx,8.110000
xzy,7.560000
xxt,9.280000
yae,8.620000
yao,9.640000
yas,7.500000
yaf,7.990000
yah,6.770000
yal,8.080000
yam,9.810000
yan,7.520000
yap,5.110000
yat,6.260000
xyl,7.280000
xyp,8.130000
xyq,8.190000
xyy,7.440000
xyx,5.280000
xyz,7.740000
xzb,9.600000
xzc,8.930000
xzg,6.820000
xzh,7.250000
xzk,9.070000
xzn,7.920000
xzp,7.030000
xxs,5.360000
xxx,5.190000
xya,5.530000
xxg,9.700000
xxh,5.580000
xxi,8.330000
xxk,8.470000
xxn,7.410000
xxq,7.960000
xvk,8.790000
xxy,9.700000
xyb,6.800000
xyc,9.570000
xyi,5.890000
xwb,7.980000
xwg,8.360000
xwc,9.030000
xwd,6.070000
xwh,8.790000
xwz,6.790000
xxe,9.380000
xwl,5.800000
xwm,5.240000
xwq,8.610000
xwu,6.520000
xvh,9.130000
xtb,8.140000
xvl,5.260000
xvp,9.010000
xvw,6.410000
xuz,8.770000
xvg,7.180000
xvb,9.540000
xvd,7.140000
xve,9.070000
xvj,8.240000
xvm,6.260000
xvo,8.090000
xvq,6.290000
xvu,7.020000
xvv,6.230000
xtr,6.270000
xtw,5.070000
xtx,8.180000
xtz,5.810000
xug,5.570000
xun,5.840000
xup,5.410000
xur,6.920000
xuk,6.090000
xut,7.170000
xsm,5.420000
xsp,7.070000
xsq,9.790000
xsw,7.420000
xsr,6.460000
xsy,8.260000
xss,9.970000
xtg,8.690000
xsz,5.730000
xqs,9.440000
xtf,9.710000
xtj,6.550000
xtq,5.650000
xrh,9.100000
xri,8.030000
xrj,7.010000
xrp,6.680000
xrq,8.810000
xsb,9.800000
xsj,5.540000
xsl,5.080000
xrn,8.510000
xru,5.510000
xrz,5.430000
xse,8.720000
xsg,8.510000
xsh,7.570000
xsi,8.680000
xqd,8.430000
xqo,6.630000
xqr,5.170000
xrd,6.000000
xqe,6.810000
xqi,9.370000
xqj,9.720000
xql,5.610000
xqp,8.640000
xoj,8.390000
xqv,5.840000
xqn,8.190000
xqq,9.840000
xrg,5.530000
xox,8.920000
xoy,9.180000
xoz,8.330000
xpb,6.240000
xpk,7.920000
xps,8.290000
xpv,9.640000
xpz,9.910000
xpe,9.870000
xpl,9.090000
xpm,5.940000
xpp,5.960000
xpt,6.930000
xpw,6.980000
xqa,8.510000
xnu,8.140000
xnw,6.690000
xog,8.200000
xma,8.110000
xns,6.400000
xov,6.770000
xnx,5.380000
xoc,8.250000
xok,7.520000
xny,7.230000
xoe,9.760000
xoo,7.000000
xod,6.770000
xoi,8.080000
xom,8.310000
xon,6.330000
xos,7.460000
xot,5.860000
xou,8.100000
xmn,7.580000
xmo,8.110000
xmx,5.030000
xmr,7.620000
xmt,7.620000
xmu,5.520000
xmz,7.940000
xnf,7.230000
xng,9.050000
xni,5.700000
xnj,8.740000
xnn,9.380000
xlq,6.640000
xlx,8.180000
xmm,8.430000
xll,8.400000
xlv,8.900000
xls,6.720000
xlu,9.960000
xme,9.840000
xmf,8.960000
xmg,7.030000
xki,9.920000
xkd,8.500000
xkw,9.820000
xke,8.040000
xlh,6.600000
xkf,8.010000
xkg,7.360000
xlb,5.670000
xkj,5.270000
xkk,9.040000
xkl,9.090000
xlc,5.320000
xlf,7.860000
xjh,8.370000
xjn,5.280000
xjp,7.570000
xjq,5.730000
xjt,7.910000
xju,6.780000
xjy,5.200000
xiz,6.420000
xjk,6.670000
xjl,9.070000
xjm,8.860000
xhi,9.450000
xjs,5.520000
xkc,6.180000
xia,9.820000
xig,7.670000
xio,5.350000
xhv,9.230000
xhz,8.020000
xim,7.650000
xin,8.190000
xir,6.840000
xit,9.030000
xgp,7.420000
xgq,9.980000
xgs,8.000000
xgt,7.110000
xgw,7.990000
xgy,8.810000
xhm,5.620000
xhg,8.350000
xhk,8.010000
xfj,7.370000
xfm,9.490000
xfq,9.380000
xfv,6.860000
xfy,7.430000
xfz,7.510000
xga,7.370000
xge,8.690000
xgf,8.360000
xgi,8.920000
xgj,6.070000
xgm,5.660000
xgn,5.440000
xem,7.710000
xeq,5.090000
xeu,7.450000
xcq,8.030000
xeg,8.150000
xek,8.710000
xeo,6.630000
xep,9.150000
xex,9.600000
xfb,9.980000
xfd,8.570000
xfe,6.530000
xdr,9.550000
xdt,5.440000
xdz,8.740000
xcz,6.320000
xda,8.320000
xdb,5.080000
xdh,8.470000
xdn,5.900000
xdq,8.300000
xea,9.070000
xec,7.890000
xed,9.230000
xbu,9.730000
xck,6.720000
xcp,7.840000
xcs,9.650000
xcx,5.800000
xcy,5.670000
xbv,7.590000
xbx,9.510000
xbz,7.770000
xcb,9.320000
xcj,6.510000
xcu,9.490000
xcv,8.670000
xaq,9.730000
xaz,5.920000
xbh,9.040000
xbm,6.800000
xas,9.850000
xav,6.410000
xaw,6.030000
xay,8.960000
xbb,6.400000
xbe,8.980000
wzk,7.230000
wzo,8.740000
wzq,8.950000
wzr,5.680000
xaa,9.380000
xal,8.720000
xao,8.500000
wzm,9.590000
wzp,7.980000
wzu,6.450000
wzx,7.270000
xab,8.140000
xae,5.970000
xaf,7.880000
wyk,5.290000
wyv,9.820000
wyy,8.590000
wza,6.820000
wzh,5.160000
wyg,6.130000
wyh,8.510000
wyn,9.630000
wyq,8.260000
wzd,8.090000
wzf,5.730000
wzg,6.560000
wxl,9.540000
wxv,9.130000
wvp,8.380000
wxz,5.690000
wyb,6.020000
wyc,8.200000
wyd,7.780000
wxw,9.040000
wvv,5.360000
wvw,5.950000
wvy,9.020000
wwd,6.060000
wwf,6.760000
wwh,9.410000
wwp,8.750000
wws,7.250000
wwj,6.080000
wwo,5.740000
wwq,6.630000
wwt,7.060000
wwu,9.030000
wwv,5.400000
wwx,9.040000
wwy,8.240000
wvc,8.340000
wvf,7.250000
wvj,6.380000
wuv,7.730000
wux,5.490000
wva,7.620000
wvm,9.340000
wvr,6.150000
wtl,5.260000
wto,5.640000
wtr,5.240000
wtt,6.220000
wud,7.410000
wue,5.840000
wtn,8.300000
wtq,6.670000
wts,7.440000
wtw,8.490000
wuj,8.510000
wul,9.960000
wum,10.000000
wsg,6.830000
wsh,7.330000
wsk,6.590000
wsl,6.560000
wsn,6.820000
wsq,6.670000
wsr,9.180000
wst,8.130000
wsu,7.090000
wte,5.590000
wth,5.970000
wti,9.630000
wrl,5.310000
wro,5.300000
wrp,5.870000
wsf,7.340000
wrf,8.560000
wrg,7.890000
wry,7.880000
wsd,8.910000
wpy,8.970000
wqt,7.060000
wqz,9.460000
wqa,6.730000
wqb,8.130000
wqc,8.970000
wqe,9.940000
wqg,5.990000
wqh,9.070000
wqk,9.030000
wql,9.610000
wqo,7.220000
woo,9.200000
wqy,9.150000
wpa,7.790000
wpb,6.170000
wpp,9.610000
wor,6.920000
wow,9.700000
woy,6.950000
wpi,6.580000
wpl,7.220000
wpo,7.720000
wov,7.190000
wpc,8.310000
wpf,8.360000
wph,5.810000
wpk,6.650000
wpm,6.500000
wpu,9.030000
wnr,9.840000
wnt,9.200000
wod,6.170000
woh,7.920000
woi,7.670000
woq,8.740000
wnn,6.180000
wnq,5.590000
wns,9.300000
wnu,7.210000
woa,6.230000
wob,9.150000
wok,8.440000
wol,6.300000
wmo,7.680000
wmq,5.760000
wml,5.550000
wmm,9.930000
wmv,5.260000
wmy,9.080000
wnh,5.240000
wnj,6.050000
wnk,5.130000
wlo,5.500000
wlx,5.990000
wlc,7.700000
wle,9.870000
wlg,5.830000
wlz,8.210000
wmc,9.050000
wlf,7.380000
wlh,9.360000
wll,9.320000
wma,6.470000
wme,5.400000
wjw,8.720000
wln,6.260000
wlv,7.310000
wjx,6.410000
wjy,7.530000
wjz,7.000000
wkh,8.340000
wky,9.790000
wkb,8.000000
wkk,5.880000
wkl,5.800000
wkm,9.640000
wkn,6.970000
wkq,7.020000
wkr,5.830000
wkt,5.010000
wku,6.170000
wkv,6.580000
wla,9.310000
wlb,8.970000
wiu,6.410000
wiy,9.410000
wjq,8.430000
wju,5.320000
wiz,6.850000
wja,6.700000
wjd,5.390000
wjh,7.850000
wjk,5.740000
wjn,5.600000
whn,8.710000
wfe,8.620000
whu,5.390000
whz,7.690000
wid,9.050000
wie,9.150000
wii,9.900000
wio,7.760000
whq,8.590000
whr,7.400000
whv,7.030000
why,8.760000
wiq,5.930000
wgi,6.450000
wgv,6.480000
wgx,6.640000
whc,6.240000
whd,6.280000
whf,6.200000
whl,8.130000
whm,5.120000
wgo,7.340000
wgz,6.720000
wha,6.420000
wgq,9.220000
wgw,7.480000
wgy,9.160000
whg,5.360000
whk,7.030000
wfm,9.460000
wfu,8.630000
wfx,6.850000
wfh,9.950000
wfj,7.190000
wfv,8.310000
wgd,7.020000
wfk,7.810000
wfo,6.280000
wfr,5.380000
wge,5.460000
wft,5.610000
wfw,6.620000
wgc,5.340000
wfy,5.260000
wga,5.070000
wgf,8.770000
wgh,10.000000
wee,6.820000
wef,9.800000
wfb,9.810000
wdz,8.420000
web,5.040000
wek,7.920000
wew,8.170000
wfa,6.120000
wct,7.250000
wdv,8.700000
wdx,5.470000
wcx,6.120000
wdd,8.010000
wdp,10.000000
wdr,9.380000
wdw,9.930000
wcy,9.190000
wdq,5.470000
wdb,9.690000
wdc,6.760000
wdk,9.770000
wdl,8.040000
wds,6.100000
wdu,8.410000
wbo,8.250000
wbp,6.670000
wcf,5.330000
wci,6.740000
wcl,5.930000
wbs,9.340000
wbv,8.230000
wch,6.300000
wbz,5.560000
wca,7.070000
wcq,6.850000
wak,8.370000
war,7.380000
wbe,7.540000
wbm,8.240000
was,9.690000
waw,7.130000
way,7.170000
wba,7.550000
wbc,8.970000
wbf,7.360000
wbk,5.000000
vzz,8.050000
wae,5.590000
waf,6.700000
vzf,8.670000
vzg,8.700000
vzp,7.250000
vzt,5.660000
vzu,6.860000
vzv,6.510000
vzx,5.130000
vzy,8.810000
wah,9.500000
wai,5.570000
vyk,5.300000
vyy,6.050000
vyz,6.420000
vyb,9.280000
vye,6.330000
vym,6.770000
vyc,5.270000
vyl,5.970000
vyo,7.460000
vyr,9.520000
vyv,8.390000
vyx,7.950000
vzc,5.620000
vwv,6.890000
vxo,8.820000
vww,9.390000
vxu,5.500000
vwy,7.340000
vwz,6.880000
vxd,6.400000
vxh,6.220000
vxg,8.730000
vxm,9.090000
vxn,7.630000
vxs,6.630000
vxv,8.280000
vxw,8.370000
vvp,5.910000
vvx,6.900000
vwh,6.070000
vws,7.970000
vwt,9.950000
vvq,7.130000
vvv,8.400000
vwj,6.460000
vvy,5.100000
vwc,9.660000
vwg,7.580000
vwo,8.880000
vwq,8.090000
vvg,5.570000
vul,6.780000
vun,9.160000
vuo,6.470000
vuq,9.140000
vur,5.270000
vus,5.820000
vuw,5.350000
vvb,7.370000
vuu,9.260000
vux,9.780000
vvh,6.980000
vvi,5.910000
vtg,8.090000
vuj,8.270000
vtj,6.910000
vtm,8.460000
vtq,5.520000
vts,6.180000
vtu,7.700000
vtv,6.020000
vtp,9.750000
vtt,8.820000
vty,8.210000
vtz,5.370000
vua,8.460000
vue,6.800000
vuh,9.850000
vsa,8.170000
vsm,7.070000
vsn,8.680000
vss,8.630000
vsv,5.980000
vtd,7.620000
vsb,7.050000
vsd,5.200000
vsq,5.020000
vsu,5.570000
vsw,7.870000
vtc,6.610000
vte,7.730000
vqz,7.690000
vry,9.640000
vqw,7.600000
vqx,8.970000
vot,8.400000
vre,6.990000
vrf,6.140000
vrn,7.310000
vrr,9.620000
vrt,7.740000
vru,7.440000
vqa,7.280000
vqf,6.180000
vqk,5.380000
vqm,8.490000
vqp,5.320000
vpq,7.980000
vpr,8.610000
vpu,9.830000
vpy,7.260000
vqb,5.670000
vqh,9.220000
vqn,9.600000
vqo,6.400000
vqr,6.020000
voo,8.900000
vou,5.700000
vpa,5.680000
vpe,8.940000
vpn,6.560000
vom,6.070000
vos,6.310000
vov,8.500000
vpc,7.820000
vpf,7.680000
vpg,5.890000
vni,9.370000
vnk,6.580000
vnq,6.260000
vnt,6.090000
vnj,5.340000
vnn,5.220000
vnr,8.140000
vnu,6.220000
vny,9.360000
vnz,5.580000
voa,5.710000
vmc,6.880000
vmd,9.710000
vmw,8.940000
vme,6.010000
vmq,6.320000
vmf,8.480000
vmh,7.760000
vml,8.540000
vmn,6.030000
vmr,8.480000
vna,7.060000
vmy,6.260000
vmz,6.630000
vne,8.680000
vnf,5.000000
vlx,7.710000
vkz,8.320000
vla,9.900000
vlb,8.070000
vlc,5.450000
vlt,6.570000
vlw,5.170000
vlj,5.350000
vlk,8.620000
vll,9.420000
vlm,6.060000
vls,6.270000
vma,6.760000
vjx,7.850000
vjy,9.240000
vkg,6.940000
vkj,6.230000
vkn,8.250000
vks,6.230000
vkv,9.810000
vjr,9.940000
vkc,9.100000
vkd,6.140000
vkf,5.130000
vkr,8.660000
viq,9.710000
vit,9.660000
viu,7.490000
vix,6.060000
vja,9.970000
vjb,9.690000
vji,7.850000
vjp,6.790000
vjh,7.700000
vjj,9.370000
vjl,7.650000
vhn,5.270000
vhq,5.640000
vht,9.300000
vik,5.050000
vhr,5.540000
vhx,8.850000
vhy,6.000000
vid,7.040000
vie,8.070000
vgv,6.300000
vgd,6.490000
vge,6.380000
vgf,6.740000
vgg,7.050000
vgn,6.810000
vhg,8.660000
vgi,6.700000
vgk,8.780000
vgl,8.840000
vgo,8.400000
vgp,6.220000
vgy,9.900000
vhf,7.600000
vez,7.560000
vfq,6.130000
vfb,5.680000
vfm,6.800000
vfs,7.720000
vft,5.430000
vfw,6.360000
vfz,5.580000
vga,7.690000
vgb,8.030000
vdt,7.920000
vdz,9.510000
vea,7.070000
veb,9.080000
vef,9.480000
vek,5.810000
veu,5.140000
vew,9.260000
vdv,8.840000
vec,8.540000
vep,9.880000
vee,8.440000
veg,9.130000
ves,7.520000
vet,6.510000
vcz,7.630000
vdd,9.590000
vdh,8.580000
vdi,6.020000
vdl,7.970000
vdo,7.080000
vcp,5.660000
vct,7.070000
vcw,7.520000
vdb,7.550000
vde,5.290000
vdf,7.890000
vdg,6.730000
vdj,8.780000
vbk,8.410000
vcd,5.880000
vbl,7.290000
vbm,9.770000
vbt,9.480000
vce,5.720000
vbo,6.450000
vbu,6.470000
vby,5.440000
vcb,8.100000
vcc,6.890000
vci,5.630000
vae,7.440000
vak,9.670000
vam,5.520000
uyi,8.420000
vau,8.640000
vaw,8.850000
vbe,5.940000
vaf,7.720000
vao,5.950000
vap,7.640000
vat,7.780000
vay,8.660000
vaz,8.750000
vbh,7.270000
uzf,10.000000
uzk,8.510000
uzm,6.600000
uzo,5.970000
uzp,9.720000
uzr,5.200000
uzs,9.720000
uzv,8.850000
uzy,5.100000
vab,6.120000
uyh,6.770000
uyp,9.120000
uxu,7.360000
uxy,5.550000
uya,5.770000
uyg,9.080000
uyt,7.740000
uyu,5.040000
uxx,5.650000
uxz,5.180000
uyf,9.860000
uyq,9.320000
uyr,6.440000
uwp,7.270000
uww,9.460000
uxg,9.270000
uxl,7.360000
uxs,9.370000
uxd,9.610000
uxe,5.680000
uxi,9.400000
uxj,9.750000
uxp,9.880000
uxr,6.850000
uvl,9.220000
uvx,8.470000
uwb,5.470000
uwj,5.320000
uvj,8.350000
uvk,5.990000
uvp,8.610000
uvt,6.280000
uvu,6.900000
uwd,7.060000
uvv,7.820000
utq,8.970000
uwa,6.230000
uwg,8.150000
uwh,9.790000
uwl,8.440000
uue,7.670000
uuq,7.810000
uve,5.960000
uuf,7.650000
uuh,5.760000
uur,7.380000
usz,7.270000
utk,9.410000
utl,8.750000
utv,6.180000
uuc,9.160000
utd,5.770000
ute,7.180000
utf,7.680000
uth,6.160000
uti,7.520000
utn,7.310000
uto,8.300000
utu,8.780000
utz,7.890000
uub,5.770000
urx,7.190000
usa,5.720000
ush,8.180000
usi,9.770000
usw,6.310000
usk,6.010000
usl,7.310000
usn,6.370000
uso,7.160000
usp,6.430000
uss,5.620000
usv,8.240000
uqp,5.970000
ura,6.970000
urc,8.560000
uqr,7.400000
uqs,5.370000
uqt,6.220000
uqv,9.470000
urd,6.110000
urf,9.580000
urn,6.210000
urb,8.010000
ure,9.660000
urs,9.160000
upz,8.420000
upk,5.410000
upo,8.320000
upp,5.380000
upq,5.410000
ups,7.120000
upu,7.970000
uqe,9.220000
uqf,9.010000
uqi,6.950000
uqk,7.270000
uof,6.720000
uox,6.450000
uom,8.710000
uon,7.600000
uoo,5.590000
uor,8.430000
uov,9.690000
upd,7.660000
uph,6.270000
uoq,6.340000
uou,8.770000
ump,9.510000
uoz,6.290000
upb,7.610000
unb,9.840000
une,7.270000
unp,5.910000
uns,7.020000
und,5.110000
unk,7.930000
unn,7.000000
uno,5.850000
unu,7.210000
uoa,6.470000
uoc,7.580000
ulx,7.220000
umb,7.620000
umc,5.140000
umf,8.810000
umg,6.590000
umk,7.110000
umz,6.590000
ulv,5.500000
uma,7.040000
ume,8.870000
umh,9.930000
umi,8.270000
umn,6.310000
umt,7.500000
umw,7.980000
umy,8.890000
uks,8.190000
ukv,8.490000
ula,6.720000
uld,5.900000
ull,9.440000
uls,7.070000
ukq,8.030000
ukr,6.820000
ukw,7.410000
ukz,6.220000
ulj,8.220000
uln,7.820000
ulo,8.000000
ulp,7.720000
ujn,6.090000
ujr,9.320000
uju,5.940000
ujx,8.300000
ujz,9.650000
ukb,8.350000
uhx,8.770000
ukj,5.890000
ukn,9.930000
uko,7.910000
ukp,9.290000
uii,8.980000
uip,7.260000
uji,7.060000
uig,9.860000
uij,8.390000
uik,7.460000
uin,9.340000
uiy,7.100000
uio,5.740000
uis,6.370000
uit,5.900000
uix,6.810000
ujb,5.640000
uja,9.960000
ujk,5.220000
uhb,9.170000
uhg,5.300000
uhm,5.250000
uhp,5.850000
uhw,5.450000
uhy,6.960000
uhz,6.460000
uia,8.510000
uic,6.500000
uhe,8.190000
uhj,5.530000
uhk,6.460000
uhr,7.680000
uif,9.490000
ufz,8.010000
uge,9.520000
ugj,9.210000
ugr,9.990000
ugy,7.020000
ugk,8.960000
ugp,8.760000
ugz,8.350000
uha,6.890000
uez,6.110000
ufq,8.820000
ues,9.080000
uey,7.930000
ufa,9.370000
uff,5.640000
ufg,8.360000
ufh,7.500000
ufc,5.890000
udf,9.260000
ufp,8.630000
ufr,8.300000
udm,5.730000
udu,6.750000
ueg,9.240000
udn,6.990000
udy,5.250000
uea,8.040000
uee,6.610000
uej,5.090000
uel,6.670000
uem,7.910000
ueo,6.880000
ueq,9.140000
uci,5.880000
ucj,9.450000
uck,6.960000
ucm,5.090000
ucv,5.780000
udb,7.130000
udi,9.520000
ucl,7.070000
ucn,7.670000
ucp,9.010000
ucw,8.610000
ucy,8.570000
uda,6.380000
ubd,9.180000
ubw,6.600000
ubz,6.270000
ucc,9.620000
ubc,5.040000
ube,9.470000
ubf,6.970000
ubo,7.760000
ubr,8.950000
ucg,6.960000
tzy,5.710000
uad,8.490000
uai,7.010000
uae,8.700000
uaf,7.690000
uaj,6.440000
tyn,9.550000
uay,7.250000
ubb,5.420000
tyt,9.790000
tzl,6.430000
tyw,9.280000
tyy,6.180000
tza,5.770000
tzo,5.930000
tzd,6.160000
tzf,9.690000
tzg,7.150000
tzj,7.510000
tzk,7.940000
tzr,7.770000
tzt,8.490000
tzu,6.650000
tzv,5.430000
tzw,7.310000
txn,9.760000
txu,9.150000
tyd,6.040000
txo,5.330000
txs,7.750000
tyb,6.340000
tyl,5.190000
typ,9.510000
twj,6.450000
twk,8.350000
twm,6.840000
two,7.750000
twv,5.690000
txl,9.560000
twp,9.550000
twt,7.010000
txd,5.740000
txj,5.630000
twx,9.050000
twz,6.980000
txc,8.170000
txg,6.220000
tvx,6.040000
tvy,5.520000
tvd,5.640000
tvg,6.980000
tvi,5.820000
tvj,9.310000
tvl,8.050000
tvm,7.190000
tvo,5.500000
tvt,7.880000
tvr,7.390000
tvs,9.060000
tvw,5.380000
twa,7.330000
twd,7.030000
twf,7.280000
twh,5.040000
tuf,8.160000
tuk,9.090000
tum,8.270000
tuv,6.830000
tuz,5.160000
tva,8.430000
tuc,7.260000
tui,6.280000
tuj,6.520000
tuq,9.210000
tuu,8.580000
tsy,7.770000
tsu,9.470000
tsx,8.810000
tsz,8.940000
tsv,7.140000
tta,9.050000
ttc,9.530000
ttd,8.900000
ttj,9.180000
ttk,8.840000
ttm,5.910000
tts,5.250000
ttn,8.960000
tto,8.060000
ttr,9.340000
ttt,5.880000
ttu,9.170000
trr,6.320000
tsc,7.910000
tse,5.260000
tsq,8.140000
tss,6.590000
trp,6.590000
trq,7.870000
tsh,9.280000
tsi,7.210000
tsj,5.900000
tsk,5.090000
tsn,5.860000
tqj,8.420000
tqq,8.750000
tqm,9.790000
tqp,8.140000
tqx,5.150000
trf,9.740000
trh,7.360000
tri,9.900000
trk,9.750000
tqn,7.050000
tqs,5.420000
tqt,9.650000
tqv,5.920000
tqw,6.210000
tra,9.320000
tpp,7.210000
tpv,8.320000
tqg,5.380000
tpr,6.050000
tpy,9.620000
tqh,8.500000
tpz,9.700000
tnz,7.190000
tob,5.100000
toc,6.000000
toe,9.640000
tok,8.680000
tol,7.150000
ton,8.970000
too,8.440000
toq,5.510000
tov,6.980000
tow,8.140000
tpc,5.130000
tmw,5.990000
tne,5.490000
tnn,7.630000
tnx,8.030000
tny,8.620000
tnb,6.710000
tnf,7.420000
tng,8.680000
tnh,7.030000
tni,9.520000
tno,5.480000
tlp,8.530000
tlt,9.470000
tlw,6.190000
tmm,9.810000
tlx,6.490000
tly,7.050000
tma,5.080000
tmd,5.380000
tmg,7.610000
tmh,8.690000
tmp,7.130000
tic,8.800000
tkm,7.220000
tko,7.520000
tkr,5.700000
tlo,8.420000
tkt,5.120000
tlk,5.620000
tkz,9.760000
tla,6.990000
tlc,6.240000
tli,6.200000
tlj,5.750000
tlm,7.450000
tjk,8.190000
tjm,6.240000
tjp,9.120000
tkc,7.160000
tjn,8.300000
tjq,6.000000
tjr,9.150000
tjy,8.970000
tke,5.330000
tjt,6.980000
tjz,6.210000
tka,5.770000
tkb,6.030000
tkd,8.770000
tkh,7.300000
tia,7.020000
tie,5.160000
tii,8.350000
tik,9.420000
til,5.390000
tin,7.440000
tio,7.600000
tiq,9.880000
tiv,5.940000
tiy,6.260000
tjb,8.810000
tib,5.160000
tft,9.080000
tip,7.230000
tit,9.380000
tjc,5.750000
tgx,6.290000
tgz,5.190000
thb,9.030000
thf,7.860000
thg,8.100000
tho,5.820000
thc,7.510000
the,9.360000
tht,8.080000
thu,9.730000
thx,5.180000
thj,6.510000
thn,7.530000
thq,8.900000
thr,9.090000
ths,8.810000
thz,5.170000
tdk,8.820000
tfw,6.460000
tgb,8.350000
tgf,8.310000
tgg,8.970000
tgh,8.600000
tgl,7.900000
tgs,8.400000
tgt,8.940000
tfv,8.820000
tgk,9.100000
tgq,5.990000
tgu,6.670000
tes,8.080000
tey,7.750000
tfd,7.340000
tff,8.040000
tfh,9.260000
tfl,8.550000
tfo,8.430000
tel,9.500000
tew,8.190000
tfa,9.570000
tfc,7.330000
tfk,8.430000
tfn,7.990000
tfm,7.000000
tdj,5.370000
tdm,9.960000
tea,7.320000
ted,7.340000
tdi,5.180000
tdo,6.660000
tdu,6.620000
tdy,8.530000
tdz,7.020000
tee,5.780000
tek,8.960000
tcb,9.820000
tcj,8.680000
tck,7.540000
tcp,8.040000
tcr,9.130000
tct,8.910000
tcv,6.130000
tcw,8.380000
tcl,6.460000
tco,6.170000
tcu,8.400000
tcy,8.590000
tda,7.660000
tdb,9.250000
tdc,8.660000
tde,8.720000
tbd,8.710000
tbs,8.000000
tby,6.780000
tbz,6.350000
tbi,7.610000
szr,6.880000
taa,8.070000
tac,9.600000
taq,5.340000
tae,5.370000
taf,9.450000
tag,8.050000
tam,8.100000
tap,9.330000
tar,8.900000
tas,9.220000
tat,9.210000
syx,5.130000
szj,8.950000
szn,7.360000
sym,5.380000
syu,8.680000
syw,7.520000
sze,6.450000
szg,6.500000
syz,9.950000
szb,6.470000
szi,6.070000
szo,6.030000
sxp,5.330000
sxu,5.950000
sxv,9.280000
sxw,9.420000
sxz,6.000000
sxi,8.710000
sxk,5.970000
sxl,6.120000
sxn,6.360000
sxo,5.910000
sxr,8.670000
sxt,8.550000
sxx,8.930000
syd,9.390000
syh,8.140000
syl,7.760000
swg,7.360000
swh,5.000000
swi,7.680000
swt,7.460000
swx,8.800000
sxb,6.540000
sxc,6.970000
swd,9.470000
swe,7.850000
swp,5.200000
swy,6.860000
sxa,8.010000
sxf,9.480000
sxg,7.020000
suz,9.710000
svi,9.560000
svu,9.010000
sve,8.790000
svf,8.750000
svg,8.230000
svh,6.880000
swb,7.110000
suj,5.510000
sun,5.010000
suq,7.280000
suv,6.920000
stu,9.820000
stz,8.470000
sue,7.830000
sug,9.310000
suk,8.540000
stb,6.290000
stn,6.710000
ssn,6.900000
ssp,5.890000
sst,7.390000
ssv,9.510000
ssy,9.450000
ssz,8.470000
sta,5.910000
ste,5.360000
stf,7.150000
stg,7.520000
stm,7.160000
stq,5.280000
sru,6.380000
srx,9.850000
sry,6.620000
ssj,6.930000
srj,7.430000
sro,5.610000
spi,8.540000
ssk,6.380000
srt,7.960000
srw,5.390000
ssd,5.900000
ssi,7.350000
ssl,7.640000
sqj,7.840000
sqx,8.980000
sqy,7.890000
srd,9.490000
sre,8.360000
sqh,6.660000
sqv,9.390000
sqw,8.910000
sqk,8.630000
sqm,8.870000
sqn,5.940000
squ,6.070000
srb,6.660000
srg,6.660000
spb,5.570000
spc,5.340000
spf,9.040000
spk,9.770000
spe,5.620000
spg,7.240000
spm,7.450000
sph,7.570000
spj,5.500000
spl,8.330000
spo,8.410000
spq,5.600000
spr,5.010000
spu,9.030000
spv,6.140000
spx,6.860000
sqb,8.560000
snu,6.790000
snx,7.110000
sod,8.770000
sog,6.230000
soq,5.630000
sox,8.750000
snw,5.100000
snz,5.200000
sob,9.640000
soc,5.620000
sof,6.390000
soh,7.970000
son,8.620000
soo,8.250000
sor,7.310000
sou,8.200000
sow,6.890000
smr,5.440000
smw,8.790000
snm,8.970000
smu,6.770000
smy,9.910000
sna,9.230000
snf,9.930000
snj,5.450000
snk,5.760000
snl,9.360000
snq,7.170000
sln,9.910000
slp,6.820000
slq,9.140000
slw,8.950000
smg,5.020000
smi,9.880000
smk,6.110000
slm,6.000000
slx,8.760000
smb,5.900000
smd,7.180000
sml,9.180000
smn,9.280000
skk,6.940000
skl,9.910000
skm,7.750000
skw,9.350000
sld,8.410000
sle,6.180000
skg,6.170000
ski,9.300000
skr,9.090000
sks,5.910000
slb,9.160000
sjb,6.250000
sjd,9.440000
sjj,6.690000
sjw,5.100000
sjy,8.000000
sjz,8.120000
ska,5.090000
skb,8.050000
skc,8.990000
sja,7.340000
sje,8.240000
sjf,6.180000
sjg,8.350000
sjh,8.200000
sjl,7.650000
sjq,7.730000
sju,9.800000
shv,6.230000
sit,5.030000
shu,6.780000
shw,5.040000
sif,7.550000
shy,5.660000
sia,7.390000
sib,8.160000
sfy,9.580000
sii,9.990000
sio,5.970000
sip,7.380000
siu,8.700000
siv,8.310000
sgx,9.820000
shp,8.640000
shs,8.300000
sgq,7.780000
sgr,9.770000
sgw,9.790000
sgz,7.020000
shb,6.130000
shd,6.450000
shg,5.340000
shh,9.310000
shk,5.770000
shl,9.900000
shn,8.410000
sfk,7.590000
sfl,9.640000
sfo,6.610000
sfp,9.830000
sfr,9.320000
sfv,5.920000
sfx,5.350000
sgl,9.390000
sgm,8.940000
sfz,9.870000
sgb,5.950000
sgd,5.340000
sge,5.840000
sgo,7.980000
sgh,6.550000
sgj,7.800000
sgk,8.110000
sgn,6.190000
seg,7.230000
sem,6.400000
ser,7.680000
set,7.290000
sex,9.850000
sfe,9.090000
sfg,8.040000
sfj,8.060000
sen,9.760000
sep,7.060000
seu,9.950000
sew,6.170000
sey,8.970000
sez,5.010000
sfd,5.760000
sde,6.670000
sdf,8.810000
sdm,8.290000
sbg,8.190000
sed,8.110000
sdo,8.710000
sec,8.190000
see,9.240000
scc,7.280000
sco,8.540000
sbz,6.470000
sci,8.890000
scj,7.620000
sck,8.460000
scp,9.250000
scu,9.890000
scv,8.420000
scw,7.900000
scz,5.580000
sau,5.090000
sav,8.140000
sax,7.540000
sba,7.500000
sbl,5.990000
rzs,7.850000
saa,9.400000
sab,9.580000
sac,6.800000
sam,9.710000
rzn,5.830000
sai,5.930000
rzq,9.880000
rzr,7.770000
rzu,6.940000
sad,7.780000
saj,6.260000
sal,9.420000
san,8.890000
ryh,7.300000
ryo,9.650000
ryr,9.290000
ryw,6.010000
ryz,7.590000
rzd,6.330000
ryg,6.770000
ryi,6.320000
ryj,6.350000
ryk,5.830000
ryl,9.480000
rym,9.530000
ryn,7.900000
ryq,6.480000
ryu,7.870000
ryy,5.180000
rwo,9.990000
rza,7.660000
rzb,6.670000
rzc,9.900000
rzf,6.540000
rzg,7.670000
rxb,6.910000
rxd,5.780000
rxz,8.920000
ryb,7.490000
rye,9.240000
rxc,6.070000
rxk,6.720000
rxl,9.050000
rxs,8.230000
rxm,5.470000
ryf,5.980000
rvw,9.430000
rwg,7.230000
rwn,8.250000
rwq,8.650000
rws,9.570000
rwv,5.990000
rvx,9.670000
rvz,9.300000
rwa,9.480000
rwe,8.880000
rwh,9.240000
rwl,8.820000
rwm,6.660000
rwp,8.860000
rwu,8.210000
rwy,7.120000
rux,6.430000
rvi,6.730000
ruz,5.960000
rva,7.980000
rvc,8.950000
rvd,9.910000
rve,5.430000
rvf,6.770000
rvr,7.490000
rtr,9.680000
rts,6.220000
rtv,9.950000
rug,9.690000
rtt,5.710000
rtu,7.790000
rua,7.060000
ruc,9.660000
rtw,5.970000
rtx,8.580000
rtz,6.310000
rui,5.350000
run,5.440000
ruo,7.900000
rup,9.570000
rsm,6.390000
rsp,6.820000
rsw,9.220000
rta,7.240000
rtc,5.050000
rtd,5.370000
rtk,7.510000
rtl,6.100000
rsh,7.780000
rsl,6.350000
rss,7.890000
rsq,9.490000
rsr,9.930000
rtj,5.500000
rrc,8.550000
rrh,5.690000
rrt,8.780000
rrz,9.290000
rse,9.590000
rrf,7.930000
rrg,6.720000
rrq,9.140000
rrr,8.780000
rrs,7.450000
rpn,9.340000
rrx,8.100000
rsa,5.510000
rsb,6.410000
rqb,5.860000
rqd,8.140000
rqf,7.440000
rqj,8.830000
rqt,8.100000
rqu,8.600000
rqz,7.820000
rrb,8.470000
ros,9.030000
rou,6.440000
rpb,6.070000
rpk,8.740000
rpl,6.050000
rov,6.520000
rox,9.040000
rph,9.960000
rpm,7.880000
rpa,7.720000
rpe,5.780000
rne,9.410000
rpr,9.010000
rpt,7.040000
rpu,6.070000
rnn,6.760000
rnr,6.580000
rob,6.160000
roe,5.810000
rol,8.820000
ron,5.990000
rno,7.250000
ror,6.830000
rnq,7.780000
rnt,6.040000
rok,8.680000
rny,5.420000
roa,8.660000
roc,6.920000
rog,7.570000
roo,6.800000
rop,6.020000
rmi,8.600000
rmj,8.870000
rmo,9.430000
rmr,9.960000
rmt,7.620000
rmu,5.760000
rmv,9.220000
rnb,8.030000
rnc,8.070000
rnl,9.010000
rle,8.690000
rlh,9.700000
rli,8.210000
rln,5.560000
rlr,9.550000
rls,8.120000
rmc,8.230000
rme,8.490000
rjz,8.590000
rkh,6.530000
rki,8.720000
rkl,8.400000
rkm,9.310000
rkt,9.640000
rkw,6.530000
rla,6.130000
rlc,8.980000
rkg,6.510000
rkq,5.140000
rkk,8.590000
rks,9.890000
rim,9.090000
rlb,6.370000
riz,8.350000
rjh,7.200000
riu,7.610000
rji,8.120000
riw,7.470000
rja,5.720000
rjf,5.890000
rjm,6.720000
rjt,8.540000
rjv,8.330000
rjx,5.900000
rhr,5.930000
rib,9.920000
rie,6.600000
rig,5.340000
rij,9.820000
rhz,8.190000
ria,5.740000
ric,8.610000
rid,8.510000
rin,8.510000
rgr,9.790000
rhj,6.620000
rgl,9.420000
rgn,9.890000
rgt,6.070000
rgw,9.180000
rgx,6.260000
rgy,8.270000
rhe,5.760000
rff,5.220000
rfs,8.130000
rfu,8.720000
rdu,8.290000
rfj,7.870000
rfk,6.250000
rgg,7.420000
rfn,5.220000
rfo,7.070000
rfx,8.270000
rgb,5.670000
rgf,6.940000
rem,5.290000
res,7.210000
rex,7.980000
rfd,7.160000
rec,9.230000
red,5.670000
ree,9.230000
rei,8.010000
rel,5.530000
reo,8.920000
ret,5.040000
rfb,7.090000
rcx,7.510000
rdj,8.810000
rdq,7.860000
rcy,5.750000
rdc,5.070000
rdg,7.060000
rdl,8.570000
rdm,5.130000
rds,9.660000
rdt,7.660000
rdx,8.870000
rbs,6.420000
rbw,6.490000
rby,5.310000
rcm,6.410000
rca,5.900000
rcb,5.660000
rcf,9.030000
rcl,6.230000
rcg,5.290000
rcp,6.010000
rcs,8.840000
ral,7.330000
rao,8.870000
rat,8.850000
ray,5.120000
raz,6.130000
rba,8.230000
rbb,5.980000
rbc,8.740000
rbm,6.660000
rbe,6.350000
rbj,8.400000
qzf,5.140000
qzl,7.580000
qzm,5.950000
qzx,9.880000
raa,5.980000
rab,6.840000
rag,9.100000
qzh,6.070000
qzi,6.270000
qzj,8.420000
qzq,6.190000
qzr,9.300000
qzt,6.900000
qzv,6.820000
rac,8.350000
rad,8.250000
rai,5.740000
qyd,5.340000
qyh,5.440000
qys,8.480000
qyz,5.930000
qze,7.690000
qyb,7.080000
qyw,7.510000
qyc,8.050000
qyl,7.710000
qyo,5.450000
qyx,5.910000
qza,8.870000
qwt,9.570000
qwv,8.500000
qxe,5.560000
qxl,5.810000
qwz,9.320000
qxo,8.790000
qxq,5.930000
qxr,8.450000
qxu,9.480000
qxv,5.380000
qxw,6.530000
qvy,8.470000
qwa,6.130000
qwk,6.970000
qwn,8.690000
qwb,7.960000
qwe,6.570000
qwp,7.460000
qwu,5.760000
qwj,8.240000
qwm,6.780000
qwq,8.170000
quk,9.300000
qul,8.600000
qum,8.980000
qur,6.710000
qus,5.690000
quu,6.170000
qve,5.760000
qvf,9.300000
qvh,9.610000
qvl,8.890000
qvn,8.940000
qux,7.430000
qvd,7.010000
qvo,7.020000
qtj,6.620000
qto,7.190000
qty,6.400000
qth,6.440000
qti,7.440000
qtk,5.090000
qtm,7.640000
qtn,5.340000
qtp,8.270000
qtt,6.510000
qsb,8.930000
qtv,8.910000
quc,7.400000
qud,9.410000
qug,8.380000
qui,6.030000
qsc,8.060000
qsg,7.900000
qsj,8.450000
qsx,7.580000
qsl,8.880000
qrn,6.100000
qrt,9.180000
qqx,6.660000
qqz,9.710000
qrd,9.640000
qrg,9.400000
qrh,5.210000
qrr,6.570000
qrv,7.290000
qrx,9.810000
qry,6.670000
qra,8.390000
qro,7.350000
qrw,5.680000
qsa,6.120000
qpy,6.710000
qqi,5.550000
qqo,8.100000
qqs,6.820000
qpr,9.590000
qqb,6.370000
qqf,6.390000
qqg,6.950000
qqh,7.120000
qou,8.670000
qpp,8.840000
qoo,9.380000
qot,6.030000
qpn,9.710000
qow,5.170000
qox,8.420000
qpc,6.990000
qpd,5.180000
qpe,8.080000
qpi,8.830000
qpl,7.280000
qoc,5.380000
qoh,5.990000
qnk,7.420000
qnr,7.080000
qns,9.820000
qnt,6.470000
qnz,8.620000
qob,6.360000
qoi,5.270000
qol,6.070000
qmi,6.160000
qmr,6.470000
qmt,9.170000
qnc,9.900000
qnd,6.050000
qne,8.630000
qmd,6.330000
qmg,6.830000
qmj,5.280000
qmn,9.830000
qmv,9.920000
qmy,5.120000
qng,8.310000
qnf,5.260000
qkx,8.770000
qir,8.340000
qlb,9.610000
qls,8.880000
qlg,7.970000
qli,9.470000
qlj,8.810000
qll,6.320000
qlm,7.140000
qlp,5.880000
qlv,7.850000
qlx,6.350000
qma,5.070000
qmb,6.480000
qjt,5.000000
qjz,8.580000
qka,8.800000
qkf,5.560000
qki,8.070000
qkj,6.380000
qkk,8.390000
qkn,7.180000
qkr,7.490000
qkw,9.930000
qip,5.610000
qiq,5.840000
qix,9.250000
qiy,6.880000
qjd,8.770000
qje,6.200000
qjp,7.860000
qjr,9.450000
qht,7.740000
qhw,8.720000
qic,6.220000
qhm,6.250000
qhn,7.750000
qhz,8.630000
qik,7.720000
qho,6.280000
qhr,9.040000
qhy,6.350000
qim,6.320000
qhs,5.820000
qie,9.930000
qif,7.860000
qig,6.280000
qij,5.470000
qil,5.970000
qgf,5.190000
qdz,8.060000
qgj,7.600000
qgx,7.990000
qhb,6.410000
qgd,8.850000
qgh,8.930000
qgm,5.590000
qgr,7.280000
qgt,7.700000
qgu,8.270000
qhc,7.550000
qgy,6.430000
qhe,6.900000
qfc,6.770000
qff,9.510000
qfj,10.000000
qfq,8.500000
qfw,9.910000
qez,7.640000
qfi,9.340000
qfr,5.640000
qfs,5.830000
qft,8.200000
qfu,5.800000
qfv,9.870000
qfx,9.580000
qfy,6.480000
qgb,8.410000
qgc,9.890000
qdu,9.430000
qen,5.380000
qer,6.790000
qew,6.450000
qdx,7.470000
qea,8.210000
qeh,7.890000
qei,8.830000
qef,7.460000
qem,5.660000
qet,8.540000
qeu,6.740000
qcp,6.460000
qcq,9.860000
qcu,5.730000
qcx,6.150000
qdf,6.380000
qdl,9.470000
qdr,5.410000
qdm,9.120000
qdq,7.750000
qbk,5.850000
qbp,7.680000
qbv,7.870000
qch,5.570000
qci,8.150000
qcl,9.420000
qbl,8.270000
qbm,5.820000
qbx,7.460000
qcg,7.540000
qck,9.050000
qar,5.410000
qas,5.990000
qbd,9.880000
qbh,9.610000
qag,9.500000
qaz,7.940000
qbc,9.610000
qbf,5.660000
qal,9.160000
qaw,9.630000
qba,5.650000
qbg,7.420000
pzg,8.230000
pzi,6.790000
pyz,7.550000
pzp,7.450000
pzt,7.370000
pzv,5.510000
qaa,7.970000
qac,8.280000
pxu,5.220000
pyk,6.430000
pyl,7.630000
pyo,7.390000
pyu,8.120000
pyw,8.360000
pxw,7.310000
pya,7.910000
pyd,5.640000
pyf,5.330000
pyt,8.720000
pxc,6.830000
pxe,6.630000
pxi,5.400000
pxj,6.150000
pxl,6.930000
pxt,9.690000
pwu,6.300000
pww,7.640000
pup,9.380000
pxd,6.010000
pxg,9.950000
pxn,7.230000
pxo,6.320000
pvk,8.850000
pvn,9.790000
pvo,6.240000
pwh,6.910000
pwj,5.190000
pvv,5.610000
pwb,8.010000
pwe,6.200000
pwl,8.310000
pul,9.910000
puo,7.930000
pur,7.500000
pui,7.720000
pun,8.960000
puu,9.610000
puv,8.590000
puw,5.430000
puz,8.210000
pvh,6.470000
pta,7.400000
ptg,6.250000
ptp,6.760000
ptt,5.020000
ptu,7.390000
pua,8.540000
pud,7.830000
ptz,5.320000
prz,9.850000
psn,9.930000
psr,7.500000
psw,7.950000
prv,5.520000
psp,6.350000
psq,9.330000
psk,7.620000
pst,6.760000
psu,6.050000
pqq,6.520000
pqu,5.870000
pqv,5.130000
pqx,8.650000
pqz,6.300000
pra,7.130000
pri,5.270000
pro,7.770000
prq,9.760000
pqw,7.010000
prh,6.270000
prp,6.360000
prs,7.850000
ppv,7.730000
pno,8.510000
pqc,7.220000
pqd,7.090000
pqf,5.960000
pqi,8.100000
pqj,6.050000
poy,9.370000
ppj,9.970000
poi,5.210000
pok,6.140000
pon,9.920000
pop,6.110000
ppa,7.750000
pox,6.470000
ppb,5.370000
ppc,5.540000
pnd,6.930000
pne,7.520000
pob,5.370000
pnc,7.830000
pnf,5.150000
pod,7.620000
poe,7.400000
pnh,6.740000
pnj,6.880000
pnl,5.490000
pnv,6.140000
pnw,9.140000
pof,6.070000
plz,9.280000
pmb,8.870000
pmc,5.820000
pmf,6.170000
pmo,9.830000
pmw,5.690000
pmy,7.920000
pna,8.270000
ply,6.660000
pma,5.000000
pme,8.970000
pmg,8.570000
pmh,5.820000
pml,7.290000
pmt,9.520000
plu,8.780000
pks,6.660000
plp,7.480000
pkv,8.590000
pkw,8.970000
pky,9.960000
pkz,7.780000
plj,7.170000
plq,5.800000
plr,5.950000
pjm,6.270000
pjn,7.370000
pjs,8.010000
pju,5.150000
pkf,8.330000
pkn,8.750000
pjr,9.600000
pkc,9.740000
pkq,6.910000
pjb,7.090000
pjc,7.970000
pjg,8.710000
pip,9.410000
pgn,8.340000
piq,10.000000
pir,6.520000
pit,5.150000
piy,5.920000
pja,9.840000
pjd,7.680000
pjh,9.840000
pjl,8.360000
phc,8.850000
phf,5.010000
phh,6.970000
phm,7.310000
phq,5.740000
phr,5.850000
phs,5.530000
phu,6.300000
phv,6.160000
phx,5.530000
phy,6.950000
pig,5.120000
phe,8.300000
phi,9.970000
phk,7.080000
pho,6.300000
php,7.120000
phw,8.270000
pgh,9.680000
pfx,8.810000
pgc,5.280000
pgf,6.980000
pgu,9.150000
pgz,7.250000
phb,7.890000
pgj,5.690000
pgk,8.980000
pgo,7.870000
pgp,9.200000
pgv,5.000000
pft,6.320000
peu,7.290000
pew,8.290000
pez,9.610000
pfb,9.380000
pfi,8.130000
pfo,8.780000
pfv,5.850000
pey,8.880000
pfc,7.250000
pfk,7.160000
pfn,9.750000
pfu,6.550000
pdt,9.510000
pdx,6.120000
pdy,8.200000
pdz,6.740000
peq,8.950000
pdp,5.050000
pdr,5.110000
pea,10.000000
peb,9.940000
pef,9.600000
pel,8.790000
peo,5.100000
pep,6.310000
pcj,7.510000
pck,7.230000
pcm,6.320000
pcp,9.950000
pcq,8.540000
pcr,7.240000
pdd,7.540000
pde,9.010000
pdh,7.780000
pdm,8.560000
pbf,7.820000
pbj,5.250000
pca,5.650000
pbp,8.240000
pbr,9.420000
pbs,9.080000
pbt,5.860000
pbu,5.600000
pcb,6.610000
pcf,9.670000
paa,9.050000
pah,9.640000
pat,6.320000
pab,8.380000
pac,5.340000
pak,7.940000
pax,7.080000
pae,7.190000
pam,5.850000
pap,5.280000
pbb,5.540000
par,7.740000
pas,7.870000
pav,9.870000
oyw,8.140000
oyy,7.960000
ozd,6.100000
ozp,7.190000
oyz,6.040000
ozh,6.210000
ozl,9.610000
ozn,7.770000
ozo,6.430000
ozq,7.150000
oxt,8.820000
oxu,6.790000
oya,7.430000
oyg,9.280000
oyp,5.580000
oxr,8.600000
oyo,8.340000
oxx,5.060000
oyd,8.700000
oyh,5.120000
oym,9.930000
oyr,7.850000
owj,5.350000
owm,5.990000
own,8.600000
owt,7.160000
oxf,8.740000
oxg,8.240000
owq,9.670000
owv,5.470000
owx,6.420000
owy,9.380000
owz,5.980000
oxa,6.700000
oxh,9.080000
ovf,7.400000
ovz,6.630000
owc,7.100000
owd,9.140000
ovm,6.550000
ovr,8.440000
ovx,8.710000
ovs,6.330000
owa,6.550000
owe,5.550000
otz,5.350000
oud,8.560000
oup,9.470000
ouq,8.770000
our,8.800000
ouy,9.290000
ovd,7.740000
ouh,9.650000
oun,8.000000
ouo,9.590000
out,5.230000
ouv,6.360000
otb,5.000000
oth,6.430000
otq,8.040000
osx,5.510000
otd,9.280000
otn,5.400000
ots,5.380000
ott,8.160000
ors,6.640000
orx,7.350000
osb,7.030000
osi,8.460000
oqc,8.580000
osp,8.040000
orr,7.960000
ort,6.260000
orv,5.270000
orz,6.040000
osc,7.490000
osd,6.170000
osm,9.790000
osr,7.810000
oss,6.930000
ost,5.140000
oql,7.560000
oqm,6.780000
orh,8.320000
ori,6.700000
oro,5.640000
oqp,6.670000
oqr,5.840000
oqs,8.330000
oqw,7.180000
oqy,8.730000
orb,7.700000
orc,7.730000
org,5.820000
ork,9.030000
orl,5.510000
orn,5.250000
opg,8.000000
oph,7.970000
opn,6.000000
opq,9.250000
opt,9.780000
opy,5.520000
opu,9.500000
opv,6.610000
opz,8.810000
oqa,5.720000
oqh,5.140000
ooc,8.640000
oop,9.300000
oog,9.290000
ooh,7.700000
ooi,8.830000
ooo,6.240000
ooq,5.060000
oot,8.750000
opc,9.910000
omv,7.780000
onf,6.400000
ono,7.280000
onq,9.490000
ons,6.380000
olk,8.270000
onw,5.620000
onh,8.940000
onj,6.680000
onx,6.380000
olt,9.300000
olu,7.490000
olw,7.950000
oly,9.020000
olz,8.900000
oma,5.680000
omb,7.050000
omg,8.310000
omp,7.390000
omd,7.780000
omf,9.910000
omj,5.290000
omm,7.330000
omn,6.280000
omq,7.030000
omr,5.260000
okl,6.320000
olj,8.520000
ojb,8.230000
okm,9.030000
olh,8.050000
okt,5.050000
ola,9.670000
olb,5.060000
olp,5.710000
ojj,6.890000
ojs,8.830000
ojx,8.070000
ojz,5.450000
okh,9.850000
ojl,8.200000
ojo,6.650000
ojr,8.570000
ojv,5.380000
oke,9.580000
oki,9.830000
oib,6.680000
oig,7.060000
oik,9.520000
oiq,5.930000
oje,5.470000
oih,7.020000
oip,5.730000
oit,6.350000
ogy,7.500000
ohe,5.410000
ohn,7.040000
oht,5.650000
ohv,8.970000
ohz,9.060000
ohb,5.690000
ohd,6.920000
ohj,8.360000
ohm,9.800000
ohu,7.730000
ohy,8.560000
oia,6.140000
ofr,9.130000
oga,7.320000
ofv,6.540000
ogr,6.600000
ofz,7.850000
ogb,8.750000
ogh,8.430000
ogc,6.480000
ogg,8.880000
ogi,7.440000
ogk,9.780000
ogn,6.530000
ogo,7.740000
ogq,6.480000
ogu,7.670000
oem,6.880000
ofn,7.940000
ofq,8.560000
oeq,5.580000
oer,7.750000
ofk,8.400000
oes,9.740000
oeu,9.590000
oev,8.280000
oew,7.640000
ofd,9.480000
off,7.300000
ofi,7.420000
ofl,8.880000
oez,6.080000
ofb,5.370000
ofc,5.900000
ofp,9.230000
odh,8.070000
odi,8.330000
odk,6.870000
odl,7.000000
odp,7.870000
odq,9.360000
odu,5.600000
oeh,9.580000
oek,6.300000
ods,8.850000
odw,7.490000
ody,8.370000
occ,7.980000
ocd,8.030000
ocg,5.060000
ocp,6.780000
ocr,7.540000
ocu,8.860000
odb,8.260000
ock,5.430000
ocn,9.350000
ocz,8.610000
ocq,9.980000
ocs,9.770000
ocv,6.820000
obf,5.750000
obk,7.030000
obl,8.870000
obm,6.010000
obs,6.780000
oby,8.850000
oax,5.600000
oba,6.620000
obb,8.650000
obn,9.300000
obu,6.150000
obx,7.940000
obz,5.210000
obr,5.160000
nzv,5.330000
nzz,7.490000
oaa,6.030000
oam,9.130000
oao,7.000000
oar,7.820000
oaw,6.380000
oag,8.090000
oak,7.730000
oaq,8.720000
oat,5.180000
nzn,6.760000
nzq,8.810000
nyo,9.400000
nyp,5.940000
nyv,7.920000
nyy,6.970000
nza,6.320000
nze,8.980000
nzf,6.390000
nzg,5.590000
nzj,8.280000
nzk,6.000000
nzo,8.840000
nxl,7.810000
nxm,8.470000
nxt,7.630000
nxx,9.810000
nyh,9.770000
nxy,6.760000
nxz,5.280000
nye,5.930000
nyl,7.410000
nym,6.020000
nyb,9.410000
nyj,7.550000
nwq,5.230000
nwr,9.320000
nwz,5.210000
nwe,7.580000
nwi,7.010000
nwk,5.610000
nxa,9.800000
nxb,8.990000
nxc,5.600000
nxe,8.600000
nxf,9.080000
nxg,5.060000
nsq,9.240000
nvm,6.060000
nvp,9.610000
nvt,7.900000
nvu,6.560000
nva,7.580000
nve,6.610000
nvg,5.770000
nvi,7.060000
nvj,7.750000
nvn,6.350000
nvq,9.670000
nvr,6.050000
nvs,9.980000
nwa,9.370000
nty,5.980000
nug,6.210000
nut,9.930000
ntv,9.320000
ntz,8.330000
nub,9.390000
nui,8.120000
nus,9.570000
nul,7.370000
nuo,5.520000
nup,6.890000
nur,9.680000
nso,6.840000
nsp,7.100000
nqh,8.300000
ntq,6.270000
nsz,9.360000
nta,10.000000
ntb,6.260000
ntc,5.400000
nte,9.170000
ntj,9.750000
ntl,8.540000
nto,5.820000
ntp,7.520000
nrj,5.190000
nrw,7.390000
nry,7.460000
nrr,5.300000
nrt,7.010000
nru,6.360000
nrx,8.490000
nsa,7.070000
nse,7.240000
nrz,9.470000
nsc,9.960000
nsh,6.060000
nsj,8.820000
nsk,8.540000
nsl,5.850000
nqe,5.740000
nqg,8.540000
nqj,5.480000
nqk,6.040000
nqn,5.210000
nqr,9.870000
nqt,9.320000
nqu,5.530000
nrf,9.170000
nqv,9.200000
nqy,7.250000
npp,8.310000
nps,6.140000
npt,9.420000
npw,6.800000
npx,7.850000
npd,6.820000
npg,7.280000
npi,9.610000
npj,6.100000
npl,8.700000
npq,9.830000
nnv,8.160000
nnz,5.730000
nod,5.130000
noi,8.660000
non,7.030000
nor,6.600000
nnx,9.090000
nog,6.540000
noj,5.400000
nom,9.730000
nop,8.830000
not,8.000000
nov,5.190000
noy,7.120000
nms,7.510000
nmv,8.000000
nne,6.410000
nmr,7.710000
nnd,7.800000
nng,8.010000
nnq,7.600000
nnh,9.540000
nnp,5.250000
nns,5.760000
nlz,8.090000
nmd,9.340000
nmj,7.640000
nln,7.640000
nlo,9.390000
nls,6.530000
nlu,8.380000
nlw,6.400000
nme,8.130000
nmf,5.640000
nmg,8.790000
nmh,7.900000
nmm,9.290000
nmn,7.940000
nkg,5.350000
nku,9.530000
nkx,9.260000
nkz,5.110000
nlb,6.870000
nkh,6.780000
nkj,8.190000
nkk,7.470000
nkm,8.120000
nkn,6.050000
nko,7.280000
nkv,8.240000
nla,6.250000
nld,6.370000
nlh,8.860000
nja,6.380000
njc,7.260000
ngx,8.030000
njk,6.180000
njl,9.240000
njr,6.070000
njy,9.610000
njj,9.320000
njp,7.510000
njq,8.690000
njs,7.420000
njx,9.790000
njz,7.130000
nhx,8.930000
nhz,6.310000
nib,8.690000
nie,9.160000
nik,6.750000
nir,9.880000
niu,9.010000
niv,5.060000
nia,9.550000
nic,5.870000
nih,5.400000
nin,5.620000
nit,7.530000
ngr,8.100000
ngt,8.750000
ngv,7.690000
ngw,6.540000
nho,9.810000
ngs,5.500000
neo,8.940000
nhb,8.580000
nhh,9.110000
nhi,8.250000
nhj,9.450000
nhk,5.060000
nhl,5.010000
nhr,6.660000
nhs,5.920000
nhu,6.480000
nfv,8.070000
nfm,7.120000
ngi,8.700000
nfo,8.340000
nfp,7.840000
nfx,7.920000
nfy,9.340000
ngf,5.670000
ngj,6.950000
ngl,8.070000
ngo,6.330000
nem,8.480000
ncf,8.390000
net,6.320000
new,6.890000
nfk,7.560000
nep,7.500000
nev,6.830000
nex,6.560000
ney,9.020000
nfa,9.390000
nfe,5.540000
nfd,6.880000
nfg,7.500000
nfh,6.760000
ndd,9.350000
nde,5.510000
ndi,6.700000
ndk,6.480000
ndm,8.180000
ndn,6.150000
ndp,9.510000
nds,5.880000
ndv,6.190000
ndx,7.520000
nec,9.790000
nee,5.590000
ndy,6.040000
nea,9.310000
nef,9.240000
ncz,5.000000
ncg,9.390000
ncm,9.320000
ncq,6.740000
ncs,7.300000
ncw,7.190000
ncx,9.780000
ncy,9.270000
nda,5.430000
nat,6.080000
nax,6.800000
nay,7.140000
nba,5.450000
nbe,8.490000
nar,9.430000
nau,8.360000
nav,8.450000
naw,7.670000
nbh,7.060000
nbj,8.220000
nbm,8.380000
nbn,6.130000
nad,9.270000
nam,5.330000
mzo,6.850000
nah,8.560000
mzr,6.460000
nac,7.890000
nak,6.840000
naa,5.710000
nae,7.110000
nal,6.270000
naq,8.110000
myo,8.760000
myq,7.890000
mzk,5.530000
myh,9.420000
myj,7.870000
myp,8.250000
mys,5.910000
myt,7.380000
mza,9.780000
mzh,6.620000
myz,7.580000
mxd,7.480000
mxj,5.400000
mxe,7.440000
mxh,6.100000
mxi,9.640000
mxk,5.930000
mxx,6.050000
mxz,5.940000
mve,9.730000
mxo,7.810000
mxq,7.070000
mxu,8.100000
mya,6.240000
myf,7.130000
mvz,7.280000
mwb,5.470000
mwj,9.500000
mxb,8.330000
mvy,9.550000
mwa,9.050000
mwc,6.190000
mwe,7.030000
mwm,6.990000
mwn,5.100000
mws,5.040000
mwv,6.650000
mut,7.240000
muy,8.220000
mvj,5.410000
mvk,7.760000
mvv,6.140000
muz,8.490000
mvh,9.590000
mvp,5.390000
mtx,5.980000
mtz,5.540000
mub,5.270000
muc,5.730000
mtq,8.540000
mts,8.310000
mup,6.840000
mtt,9.080000
mua,8.490000
mue,9.630000
muj,9.690000
muk,7.040000
muq,5.860000
msp,9.110000
mqm,8.710000
msy,9.650000
msz,7.890000
mta,8.250000
mtc,7.830000
mti,7.800000
mtm,8.350000
msi,5.960000
msm,7.630000
mtf,6.170000
mrf,5.220000
mrd,8.450000
mru,5.490000
mrv,8.940000
mrw,7.920000
msa,9.460000
mse,7.380000
mrh,9.530000
mri,7.290000
mrj,9.030000
mrs,8.510000
msc,7.170000
mqk,6.150000
mqo,7.160000
mqw,9.090000
mqy,6.990000
mpy,7.990000
mqb,6.520000
mqd,9.030000
mqi,6.370000
mqe,5.460000
mqf,7.680000
mqg,8.360000
mql,7.470000
mqt,8.270000
mqu,7.510000
mqz,8.930000
mra,5.060000
mot,5.300000
mow,8.070000
mou,9.100000
mpo,7.310000
mps,5.460000
mov,5.400000
mox,6.940000
mpa,9.500000
mpg,7.230000
mpk,6.930000
mpn,8.500000
mpp,5.010000
mpq,6.380000
mpr,8.460000
mpv,8.200000
mpw,6.620000
mno,5.390000
mnx,8.960000
mny,7.850000
moa,5.600000
moi,7.600000
mnq,5.030000
moe,6.480000
mnr,6.950000
mnt,7.690000
mnu,9.030000
mnw,9.420000
mnz,8.620000
mog,7.920000
moj,6.480000
mol,9.880000
mop,8.440000
mor,8.990000
mos,6.780000
mmk,8.490000
mmm,9.800000
mmo,9.520000
mmp,6.080000
mnd,7.370000
mng,9.960000
mmv,6.810000
mna,5.110000
mnf,8.780000
mlh,9.820000
mma,9.380000
mmi,9.190000
mlg,5.510000
mlx,9.850000
mlk,9.570000
mln,9.410000
mlp,8.320000
mlq,9.020000
mjl,8.840000
mmg,9.210000
mmh,6.430000
mkc,5.870000
mke,5.030000
mkh,7.550000
mkm,9.720000
mko,6.920000
mkq,5.710000
mkw,9.390000
mld,6.270000
mjz,8.090000
mkd,8.690000
mkf,8.210000
mkg,8.450000
mki,6.840000
mkj,7.770000
mkk,7.290000
mkt,7.510000
mks,6.540000
mku,8.540000
mky,6.060000
mlc,6.810000
miy,8.010000
mjb,9.440000
mje,8.730000
mjq,5.870000
miu,8.560000
mjc,5.350000
mjd,5.380000
mjg,8.490000
mji,6.420000
mjj,5.930000
mjr,8.050000
mhc,9.880000
mjp,5.870000
mjx,9.580000
mjn,6.490000
mju,5.780000
mjw,6.350000
mio,7.060000
mhq,9.710000
mhr,6.220000
mhs,7.990000
mht,8.710000
mhv,8.310000
mhy,8.570000
mhz,9.730000
mif,8.230000
mil,9.050000
min,8.390000
mij,9.990000
mir,7.250000
mgx,8.890000
met,8.280000
mhg,8.900000
mhh,8.750000
mhl,9.630000
mgl,9.770000
mgo,5.690000
mgt,9.160000
mgp,8.070000
mgv,8.730000
mgy,6.080000
mhf,6.360000
mho,8.930000
mft,7.220000
mfy,7.630000
mfz,5.610000
mgb,7.260000
mgd,7.770000
mff,9.500000
mfg,5.010000
mfw,8.900000
mfx,5.810000
mge,8.550000
mgh,7.410000
mgi,9.160000
mgj,5.670000
meg,9.940000
meh,7.950000
mej,6.420000
mel,5.090000
men,7.800000
meq,6.530000
mer,6.370000
mck,8.430000
mev,6.280000
mey,8.820000
mez,5.170000
mfd,5.440000
mcw,9.980000
mcx,9.750000
mcz,7.580000
mdd,5.790000
mdm,5.190000
mdq,8.740000
mdv,9.700000
mde,5.390000
mdf,7.640000
mdk,8.260000
mdl,7.570000
mdn,9.060000
mdt,6.190000
mdu,8.430000
mdz,9.080000
mbq,8.720000
mbu,7.960000
mcd,5.340000
mcf,6.870000
mch,9.090000
mcm,9.530000
mcn,7.400000
mco,6.820000
mcr,6.260000
mcb,6.390000
mci,8.460000
mcj,6.560000
mal,6.870000
mat,7.130000
mau,8.700000
mav,9.660000
maw,9.010000
mbe,8.930000
mbf,6.890000
mbj,5.800000
mbp,5.230000
mam,6.060000
max,5.850000
mbh,8.360000
mbl,8.940000
mbm,8.250000
mbn,5.430000
lzp,7.240000
lzr,7.490000
lzu,8.820000
lxs,9.300000
mag,6.680000
maj,7.960000
lyf,6.960000
lyk,8.780000
lyn,8.800000
lyp,5.840000
lyc,8.140000
lyd,9.970000
lyi,5.620000
lym,8.730000
lyu,7.810000
lyw,8.820000
lyx,6.020000
lxk,6.530000
lxo,6.270000
lxt,7.150000
lxu,6.100000
lww,5.820000
lwy,6.850000
lxd,7.640000
lxh,7.160000
lxi,8.130000
lxj,7.550000
lxl,9.860000
lxv,7.960000
lvv,7.020000
lvw,8.480000
lvx,6.720000
lwc,5.740000
lwd,9.690000
lwf,5.420000
lwh,5.530000
lwk,5.480000
lwm,5.160000
lwn,9.980000
lwq,6.940000
lun,9.880000
lup,9.140000
luv,6.710000
luy,9.470000
lvd,5.590000
lta,8.480000
lvm,9.760000
lus,6.010000
luu,9.230000
luw,5.300000
luz,9.020000
lvf,8.620000
lvk,8.500000
lvn,7.310000
lvq,7.790000
ltn,8.340000
lto,9.220000
ltp,7.930000
lts,6.660000
ltu,8.610000
ltx,7.470000
ltz,7.080000
lua,7.920000
lud,8.800000
luf,5.830000
lui,6.250000
ltk,6.760000
ltl,7.770000
ltm,8.530000
ltr,5.230000
ltv,6.410000
lub,8.490000
lue,9.500000
lug,6.900000
luh,9.280000
lsc,7.860000
lsf,7.670000
lsj,9.900000
lsx,5.520000
lqr,8.350000
ltd,8.250000
lsi,5.100000
lss,7.440000
lsw,9.610000
lsz,6.380000
lqy,7.260000
lqz,6.950000
lra,5.460000
lrl,8.320000
lrb,9.730000
lre,8.680000
lrf,8.380000
lrh,6.800000
lrr,8.180000
lsb,6.050000
lrq,8.210000
lsa,6.860000
lpw,9.030000
lpx,7.160000
lqn,8.910000
lqa,8.290000
lqd,7.020000
lqg,6.610000
lqh,6.440000
lqj,9.630000
lqk,5.370000
loi,9.490000
lqu,8.600000
lop,8.920000
lpc,8.350000
lpm,5.020000
lpq,6.480000
lon,7.880000
lph,9.810000
loo,7.920000
lov,9.100000
low,8.830000
lox,5.900000
lpj,7.290000
lnk,5.990000
lnt,6.130000
lny,9.960000
lnz,5.590000
lob,9.690000
loc,6.250000
lni,6.380000
lns,7.230000
lnq,5.060000
lnr,9.890000
log,5.980000
loe,8.180000
lof,7.190000
loh,7.490000
lmd,6.050000
lmm,9.980000
lmp,5.100000
lmt,8.310000
lna,9.160000
lmf,9.860000
lmg,8.120000
lmi,7.580000
lmq,5.550000
lmw,7.570000
lmz,6.300000
lnh,8.110000
llk,8.270000
llp,8.020000
lky,9.730000
lkz,9.620000
llc,6.000000
llg,7.490000
llm,6.730000
llj,8.660000
lln,7.950000
llo,6.520000
lju,8.140000
ljv,6.310000
ljt,6.740000
ljz,9.150000
lkb,7.640000
lkc,7.390000
lke,7.230000
lkk,8.530000
lkl,5.010000
lkn,9.890000
lkq,9.320000
lkv,7.080000
lis,6.380000
lit,8.500000
liy,6.760000
lji,5.540000
ljn,6.860000
ljr,5.100000
ljs,5.270000
liu,5.840000
liv,7.070000
ljd,8.240000
ljg,8.140000
ljh,5.330000
lih,9.370000
lhj,8.170000
lhk,9.470000
lhm,8.350000
lhn,5.710000
lhp,5.780000
lhs,9.090000
lie,8.570000
lii,5.920000
lin,6.980000
lhq,8.670000
lht,8.600000
lhv,8.490000
lhw,6.060000
lhz,7.360000
lic,9.540000
lig,5.790000
lgf,7.790000
lgg,7.050000
lgj,8.740000
lgr,5.370000
lha,7.220000
lgh,6.810000
lgk,8.110000
lgm,9.850000
lgo,6.990000
lgt,6.790000
lgv,7.200000
lhb,7.890000
lhd,6.990000
lez,5.920000
lfz,8.260000
lff,7.740000
lfg,8.670000
lfr,5.620000
lfx,9.500000
lfj,8.930000
lfk,9.860000
lfm,8.950000
lfp,7.510000
lgc,6.950000
ldu,6.750000
ldv,7.760000
ldw,8.600000
leb,9.680000
led,9.590000
leo,5.080000
lep,7.790000
let,5.870000
lcp,8.990000
ldl,5.610000
ldm,7.210000
lag,9.470000
lcq,8.020000
lcs,6.480000
lcx,8.690000
ldb,8.590000
ldk,5.630000
lcr,7.590000
lcu,6.740000
lcy,5.380000
ldc,7.940000
ldf,5.100000
ldg,9.250000
ldi,8.110000
ldn,5.240000
ldo,8.210000
lbn,9.040000
lbv,5.180000
lbk,6.010000
lbm,9.250000
lbr,5.810000
lbs,8.850000
lbt,5.590000
lbw,6.100000
lcd,7.820000
lcj,5.960000
lcn,6.020000
lap,9.220000
las,8.690000
lat,9.910000
lbc,8.400000
laf,6.480000
lak,5.790000
lal,9.350000
lan,7.460000
lao,8.570000
lar,5.200000
lav,6.640000
lax,9.530000
lbd,8.280000
lbe,9.870000
lbh,5.480000
kzk,9.030000
kzn,9.130000
kzd,9.360000
kze,8.470000
kzf,7.200000
kzg,6.210000
kzm,8.490000
kzh,5.470000
kzj,9.470000
laa,9.790000
kzo,6.080000
kzt,5.400000
kzv,6.710000
kzx,6.370000
kzy,5.850000
kvo,8.500000
kyb,9.350000
kye,9.010000
kyf,9.300000
kys,7.030000
kyw,5.060000
kxz,7.990000
kya,5.880000
kyd,6.120000
kyj,8.630000
kyl,6.350000
kyn,7.190000
kyr,7.190000
kyv,9.080000
kyz,5.410000
kwu,9.150000
kwy,9.400000
kxi,5.430000
kxp,9.600000
kxr,8.700000
kxs,7.910000
kws,6.910000
kxd,8.270000
kwz,5.570000
kxl,6.320000
kxt,5.550000
kvt,5.160000
kvy,5.470000
kvz,6.710000
kwk,6.170000
kwp,6.850000
kvm,7.360000
kvr,9.780000
kvs,8.390000
kvw,8.540000
kwc,9.300000
kwh,7.100000
kum,7.190000
kvh,7.450000
kug,8.330000
kuh,7.980000
kup,8.670000
kus,5.980000
kvj,8.540000
kur,7.260000
kvc,9.240000
kve,7.660000
kvf,5.420000
kvg,8.130000
ktx,7.860000
kty,9.730000
ktc,6.450000
ktd,9.890000
kte,7.570000
kqw,8.830000
kti,9.320000
ktl,7.090000
ktm,7.000000
ktt,9.930000
ktz,5.770000
kuf,7.000000
ksi,9.900000
ksn,7.190000
kso,5.760000
ksw,9.380000
ksy,8.250000
ksa,6.650000
ksc,7.050000
kse,5.660000
ksh,6.280000
ksu,6.310000
ksx,9.270000
ksz,7.160000
kqs,6.720000
krn,7.620000
krr,7.230000
kqr,6.610000
kon,9.020000
krt,5.240000
kqy,5.270000
krf,7.260000
krh,6.940000
krk,9.810000
krm,5.690000
kru,5.170000
kpn,6.880000
kpo,6.700000
kqk,7.180000
kqn,8.450000
kpp,7.030000
kqh,6.510000
kpv,9.250000
kpx,5.730000
kqd,7.840000
kpz,8.800000
kqe,8.200000
koi,9.690000
kok,5.080000
kme,8.880000
kor,5.480000
koy,9.550000
kpc,5.030000
kpf,5.740000
kpg,7.980000
koo,7.020000
koq,7.580000
kpl,9.020000
kos,6.110000
kou,6.620000
kox,5.370000
knh,6.710000
knn,5.080000
knk,7.390000
knl,7.000000
kno,9.290000
knp,5.260000
knq,9.770000
knr,5.340000
kns,5.630000
knv,9.060000
kob,8.280000
kog,5.390000
kmt,8.710000
kmw,8.150000
kmx,8.240000
kma,6.170000
kmb,8.500000
kml,9.980000
kms,5.970000
kmi,8.330000
kmk,6.600000
kmr,7.150000
klm,9.200000
kks,6.970000
kku,6.840000
kkv,7.360000
kky,8.310000
kle,8.210000
klh,9.340000
klk,6.850000
klg,9.150000
kln,6.100000
klo,6.270000
klv,5.050000
kjn,7.160000
kjp,6.210000
kjr,9.520000
kju,7.050000
kkn,8.010000
kkp,5.740000
kjs,9.490000
kjw,7.430000
kkb,9.520000
kjy,6.680000
kka,7.280000
kkd,7.720000
kke,5.290000
kki,9.220000
kkj,8.680000
kkm,5.100000
kii,5.300000
kij,9.100000
kiu,6.580000
kjd,8.100000
kjg,7.360000
kio,6.510000
kir,5.530000
kit,6.670000
kix,9.330000
kiy,8.210000
kjf,8.730000
kji,6.510000
kjj,6.070000
khh,5.560000
khk,7.440000
khr,9.190000
khw,5.030000
kid,8.990000
kgc,6.780000
kgh,6.950000
kgn,6.630000
kgq,7.170000
kgw,9.800000
kge,6.800000
kgj,5.350000
kgv,6.250000
khb,7.240000
khc,6.780000
keu,7.620000
kfu,8.950000
kew,7.110000
kez,6.940000
kfa,5.440000
kfc,6.400000
kcu,8.900000
kfm,7.590000
kfp,5.010000
kfv,5.050000
kfw,6.860000
kfx,7.080000
kfn,8.590000
kdt,8.220000
ken,8.090000
kea,9.580000
keh,8.910000
kem,9.880000
keo,5.440000
keq,7.850000
kcn,9.200000
kcq,9.120000
kcp,7.570000
kcs,7.910000
kde,10.000000
kcv,7.600000
kcx,5.230000
kda,6.670000
kdn,8.810000
kdc,7.390000
kdg,8.620000
kbh,6.200000
kbu,7.850000
kcb,6.170000
kce,8.010000
kbe,8.700000
kbk,8.240000
kbl,6.240000
kbo,7.030000
kbp,6.330000
kbq,5.470000
kbr,9.560000
kbs,5.900000
kby,8.700000
kca,7.410000
kcf,9.720000
kcg,7.800000
kam,9.410000
kau,5.570000
kay,5.130000
kbc,7.820000
kab,5.070000
kae,8.340000
kah,8.100000
kat,9.910000
jyc,9.680000
kao,9.190000
kap,7.030000
jyv,9.940000
jzu,7.980000
jyw,5.330000
jyy,8.910000
jyz,7.030000
jze,7.870000
jzj,9.120000
jzt,5.650000
jzg,9.330000
jzh,9.280000
jzy,7.060000
jzl,8.620000
jzn,5.900000
jzq,6.160000
jzw,9.290000
jxr,7.350000
jyi,5.380000
jyn,5.450000
jxq,6.750000
jxz,6.420000
jya,6.750000
jyf,9.120000
jxw,6.790000
jyk,8.480000
jys,6.730000
jym,5.650000
jyq,7.280000
jxk,8.630000
jwn,9.200000
jwr,6.760000
jwt,6.170000
jwu,5.900000
jwx,9.630000
jxj,6.800000
jxl,8.040000
jxn,9.520000
jwz,6.680000
jxi,5.660000
jvf,7.030000
jvs,7.210000
jvg,6.630000
jvh,9.230000
jvl,6.510000
jvn,9.590000
jvo,7.470000
jvx,5.890000
jvu,7.430000
jwh,9.760000
jwa,5.970000
jwc,5.230000
jue,9.240000
jug,7.990000
jut,5.660000
juw,5.490000
jvc,8.530000
jvd,7.410000
jub,7.320000
jud,7.690000
jui,9.040000
juj,6.520000
juk,8.690000
jul,9.420000
jva,8.700000
jun,7.120000
juq,9.890000
jur,5.130000
jus,7.760000
jve,8.850000
jte,9.250000
jtt,9.490000
jtc,9.200000
jtf,9.010000
jrb,8.440000
jts,5.320000
jtu,5.070000
jth,7.100000
jtr,9.990000
jtv,7.920000
jtx,5.070000
jsa,8.960000
jsd,7.680000
jrs,9.740000
jrv,8.460000
jsr,8.890000
jry,7.420000
jsk,8.180000
jsn,8.180000
jsq,6.540000
jsu,8.020000
jqm,5.350000
jqr,7.190000
jqu,5.490000
jqv,8.110000
jrp,6.610000
jqw,8.510000
jqx,7.020000
jrc,5.900000
jro,9.300000
jra,5.740000
jrf,5.540000
jrg,6.840000
jph,7.730000
jpq,6.940000
jqd,5.170000
jqg,6.420000
jpj,9.250000
jpk,7.210000
jpl,6.210000
jpn,6.450000
jpp,9.930000
jps,7.740000
jpu,8.090000
jpv,5.360000
jpw,7.290000
jpy,5.200000
jqc,7.880000
jqe,9.910000
joj,5.220000
jop,5.480000
joy,5.070000
joo,8.860000
jmj,8.570000
jov,6.320000
jot,8.910000
jox,9.470000
joz,5.790000
jnd,7.230000
jnf,7.550000
jnn,9.570000
jnr,6.410000
jmy,9.100000
jna,9.920000
jnp,9.360000
jnx,8.670000
jng,8.960000
jni,7.820000
jlx,6.460000
jlz,5.090000
jmb,7.690000
jmc,7.740000
jmd,7.640000
jme,5.990000
jmm,8.580000
jmf,9.480000
jmk,9.880000
jmn,5.230000
jmt,5.820000
jlc,5.420000
jkn,7.620000
jkr,9.230000
jks,6.760000
jkt,6.420000
jkv,6.230000
jkz,9.070000
jlf,5.790000
jll,7.050000
jjk,6.580000
jkj,7.500000
jjl,6.100000
jjs,8.160000
jjp,5.580000
jke,9.370000
jjq,8.220000
jjt,8.820000
jjx,6.810000
jhr,9.280000
jio,6.310000
jiu,5.040000
jiz,5.380000
jjf,7.960000
jic,6.270000
jih,6.610000
jil,6.010000
jim,8.490000
jiw,9.310000
jiy,7.340000
jja,7.710000
jjb,7.440000
jjd,7.500000
jjg,7.940000
jgx,8.770000
jgy,6.730000
jgz,6.620000
jhb,9.080000
jhe,7.110000
jhh,9.970000
jhp,7.400000
jhi,7.860000
jhj,8.430000
jhn,6.220000
jhk,9.890000
jhl,7.520000
jht,5.780000
jhy,7.100000
jfv,6.440000
jgq,8.020000
jfw,6.900000
jfy,8.680000
jfz,6.080000
jgw,8.420000
jgc,8.600000
jge,7.080000
jgh,6.020000
jgo,6.140000
jgp,9.080000
jgr,9.410000
jeo,8.080000
jew,6.800000
jfl,5.610000
jfm,5.510000
jfq,6.600000
jen,8.570000
jes,8.930000
jet,7.870000
jeu,6.120000
jev,8.140000
jez,9.420000
jfc,9.270000
jfe,8.670000
jfg,8.100000
jfn,7.760000
jfp,9.770000
jdx,7.670000
jdi,6.930000
jdl,7.980000
jdp,8.400000
jdj,5.330000
jdm,8.450000
jec,5.720000
jef,9.110000
jdk,5.060000
jdn,9.230000
jds,5.700000
jdy,9.350000
jea,7.920000
jed,7.230000
jeg,9.930000
jei,8.990000
jel,6.830000
jcu,6.440000
jdh,8.900000
jcd,6.770000
jcg,6.510000
jcw,6.680000
jch,5.420000
jcj,9.230000
jck,9.100000
jcl,9.510000
jcn,8.310000
jct,9.210000
jcy,5.690000
jdc,8.390000
jdd,8.270000
jde,9.780000
jbb,9.560000
jbe,9.690000
jbi,7.930000
jbl,6.660000
jbp,9.790000
jay,8.010000
jbd,8.360000
jbf,6.700000
jbj,9.720000
jbm,6.610000
jbr,9.090000
jbs,5.550000
jbu,9.830000
jbv,6.200000
jca,5.700000
izu,9.390000
izx,8.640000
izy,9.630000
izz,5.870000
jak,9.280000
jac,9.770000
jav,9.550000
jaj,7.430000
jao,5.620000
jam,5.090000
jan,8.470000
jap,9.200000
iyh,9.720000
jar,5.000000
jas,6.430000
jat,9.370000
iyo,7.590000
iyr,6.090000
iyu,9.490000
iyw,9.070000
izc,8.500000
izk,5.420000
iyq,7.950000
iys,8.730000
iyz,8.290000
izb,6.160000
izd,9.100000
ize,6.260000
izm,9.340000
izp,7.980000
izq,6.960000
izr,9.330000
izs,7.850000
ixj,9.580000
ixo,8.980000
iya,9.790000
ixp,8.130000
ixq,8.410000
ixr,5.320000
ixs,5.700000
iyb,8.280000
iyk,9.690000
ixv,7.760000
iyd,10.000000
ivy,9.240000
iwe,6.310000
iwg,6.730000
iwj,9.620000
iwm,5.950000
iwo,5.060000
iwq,9.510000
iwt,8.730000
iwu,9.770000
ixd,9.500000
iwx,6.990000
ixa,5.160000
ixf,5.980000
iva,8.250000
ivb,7.170000
ivg,9.170000
ivw,5.760000
ivc,6.180000
ivd,6.440000
ivv,5.090000
ivz,7.700000
itu,6.930000
itv,8.420000
ity,5.310000
iuc,7.120000
iud,8.370000
ium,5.890000
iua,8.640000
iub,5.670000
iun,5.050000
iup,7.480000
iuo,9.670000
iut,6.830000
iuw,9.570000
iux,7.100000
iuy,5.950000
isu,9.440000
isq,5.920000
ist,9.490000
isv,5.460000
isx,8.340000
ith,7.970000
isy,5.790000
ita,7.780000
itc,6.740000
itg,6.850000
itr,6.200000
irn,7.510000
irq,7.450000
isc,6.790000
isg,8.570000
isn,8.900000
irl,9.170000
irx,5.350000
isb,5.260000
isl,6.070000
ism,6.710000
iqi,7.220000
iqn,5.090000
iqx,9.380000
irc,5.570000
iqs,6.880000
iqt,9.670000
iqu,6.650000
iqv,5.290000
ire,6.750000
ira,5.680000
irb,7.980000
irf,6.540000
ipf,7.060000
ipw,6.350000
iqa,7.900000
iqb,6.620000
ipe,8.190000
ipn,7.130000
ipg,7.270000
ipj,7.690000
ipm,6.340000
ipq,7.230000
iqc,9.340000
ipp,6.920000
ipt,8.030000
iqd,9.500000
iqe,8.340000
iob,5.090000
iog,6.610000
ioh,7.050000
ior,9.990000
iow,9.130000
inz,9.030000
iod,7.950000
ioe,8.730000
ioj,9.620000
ioo,8.090000
ioq,5.160000
iot,8.500000
inc,6.390000
inu,8.970000
imr,5.890000
imt,5.850000
imu,6.390000
imz,7.410000
ina,8.920000
inb,5.800000
inf,6.250000
inm,5.060000
inn,8.520000
inp,7.130000
ime,6.680000
iml,5.400000
ill,8.140000
ilr,8.000000
imf,9.030000
imh,9.450000
imm,6.480000
ilu,9.350000
ima,9.080000
img,6.120000
imi,8.870000
imk,9.650000
imn,8.650000
ikg,5.980000
iks,9.230000
iki,9.820000
ikk,9.040000
ikn,6.220000
iky,6.610000
ikp,5.680000
ikq,9.480000
ikt,8.030000
ikz,5.410000
ilk,5.140000
ijb,9.050000
ijl,9.790000
ijs,5.310000
iju,7.920000
ijz,9.410000
ijd,6.660000
ijm,7.450000
ikc,8.320000
ijj,6.330000
ijt,6.240000
ijy,8.500000
ikd,8.610000
iik,9.510000
ifn,9.170000
iia,5.780000
iii,7.490000
iim,7.030000
iin,6.310000
iit,5.950000
iiw,6.270000
iie,9.430000
iio,5.310000
iiv,7.800000
ihn,7.390000
igr,5.670000
ihd,8.460000
iht,8.480000
ihv,7.790000
igs,8.840000
iho,7.010000
igw,5.480000
ihh,6.680000
ifx,5.190000
iga,5.330000
igf,9.950000
ide,9.450000
ift,5.500000
ifv,9.910000
ifo,5.130000
ifr,8.620000
igb,8.070000
ign,8.610000
igp,5.890000
igq,6.470000
iej,9.630000
iek,7.830000
iem,7.730000
ien,9.980000
ieo,7.460000
iev,6.020000
ies,6.760000
iet,7.710000
iew,7.880000
ifa,7.310000
iey,9.840000
iff,8.940000
ife,8.330000
ifg,6.310000
ifh,5.620000
ifi,7.290000
ifj,7.440000
idg,6.470000
idh,5.810000
idk,8.820000
iea,6.050000
ief,5.350000
iav,9.890000
idf,9.900000
idl,7.750000
idr,8.060000
idm,8.600000
ied,5.480000
ibz,7.480000
ica,8.910000
icb,8.620000
ici,6.820000
icy,9.040000
ice,8.840000
ick,8.190000
icl,5.340000
icm,8.150000
icp,9.620000
icu,7.550000
icv,9.840000
icx,8.920000
ico,7.440000
icr,8.190000
icz,9.570000
hym,8.400000
iay,8.570000
ibp,5.850000
ibu,9.760000
ibd,9.920000
ibm,5.980000
ibn,5.840000
ibq,7.720000
ibs,5.340000
ibt,6.350000
hzo,6.950000
hzs,9.020000
hzu,6.840000
hzx,8.000000
hzz,8.120000
iab,8.640000
iag,8.460000
ian,5.210000
hzr,8.550000
hzt,6.050000
hzw,7.100000
iaa,5.290000
iaf,9.990000
iai,9.570000
iak,5.230000
hyj,6.020000
hwd,8.140000
hzf,6.280000
hzj,8.950000
hyn,5.460000
hyu,9.790000
hxd,7.920000
hxg,6.350000
hxj,8.010000
hxn,9.720000
hxw,9.730000
hxo,8.370000
hxr,9.180000
hxu,6.950000
hyf,5.900000
hxz,9.760000
hyg,7.100000
hyb,8.800000
hye,8.120000
hwj,6.810000
hwo,7.040000
hwy,6.150000
hvz,6.800000
hwi,6.830000
hwk,5.120000
hwn,7.630000
hxc,5.930000
hwb,7.240000
hwe,9.820000
hwm,7.340000
hwp,5.460000
hwr,5.080000
hws,7.730000
hux,8.490000
huz,6.650000
hvm,5.640000
hvb,7.270000
hve,8.890000
hvg,5.390000
hvd,5.260000
hvf,9.180000
hvi,8.470000
hvk,6.590000
hvt,7.660000
hvv,8.990000
htx,5.230000
hug,9.840000
hto,7.430000
hts,9.700000
htv,9.310000
htw,6.020000
hud,9.960000
hue,8.640000
hui,9.860000
huj,9.550000
huk,7.850000
hun,6.870000
hsj,7.130000
hsk,7.350000
hsl,5.210000
hsw,9.530000
htf,5.390000
hsn,6.260000
hsp,6.680000
hta,5.410000
hth,6.090000
htj,6.830000
hsv,8.460000
htl,6.150000
hrg,6.410000
hri,5.060000
hrp,7.350000
hru,8.400000
hrf,9.250000
hrh,6.490000
hro,8.250000
hrr,7.740000
hrs,7.570000
hrv,9.360000
hry,5.600000
hrz,9.450000
hsf,5.260000
hsa,9.670000
hpz,7.450000
hqa,8.200000
hqb,8.620000
hqo,7.230000
hqc,8.400000
hqe,9.220000
hqp,7.670000
hqf,6.260000
hqi,6.200000
hql,6.650000
hqr,8.410000
hqs,6.350000
hqv,7.290000
hra,8.780000
hoz,8.120000
hpn,6.750000
hpp,9.020000
hpt,5.240000
hpv,5.550000
hpw,8.930000
hov,5.900000
hoy,9.490000
hpe,5.640000
hpf,9.880000
hph,6.930000
hpj,9.280000
hpm,9.210000
hpq,9.880000
hpr,9.940000
hpu,6.730000
hpx,7.640000
hpy,6.690000
hnq,8.650000
hoe,6.220000
hon,5.530000
hnr,9.040000
hnt,9.290000
hnu,7.730000
hod,7.350000
hoj,9.990000
hot,5.810000
hof,8.100000
hog,8.350000
hoi,9.980000
hoo,6.260000
hop,7.400000
hml,5.070000
hmq,8.880000
hnc,6.250000
hnn,8.620000
hmy,8.970000
hmz,7.930000
hnb,6.370000
hnd,9.490000
hng,8.100000
hnj,7.260000
hnk,8.640000
hno,9.760000
hlr,5.280000
hmd,5.230000
hlf,8.970000
hlj,7.720000
hlk,9.550000
hln,7.340000
hlo,5.890000
hlq,7.650000
hls,7.430000
hlt,7.110000
hlu,9.070000
hlv,8.390000
hly,7.140000
hlz,9.590000
hmf,8.940000
hke,5.660000
hkx,9.930000
hka,7.000000
hkf,7.450000
hkj,7.810000
hkm,6.520000
hko,6.430000
hkp,9.600000
hku,9.430000
hlc,7.800000
hle,8.380000
hja,9.260000
hjb,9.080000
hjt,6.600000
hiv,9.250000
hiw,9.530000
hiy,6.070000
hjd,5.830000
hjh,9.360000
hjj,9.160000
hiz,6.780000
hje,9.180000
hjm,9.130000
hjq,9.220000
hjv,6.340000
hjx,7.140000
hhq,7.100000
hhr,9.920000
hhs,6.460000
hig,9.140000
hik,5.820000
hhu,5.290000
hhw,9.410000
him,6.880000
his,5.130000
hic,6.010000
hie,7.230000
hih,6.790000
hii,7.660000
hij,6.380000
hin,5.800000
hir,6.120000
hgo,5.230000
hhc,6.620000
hgp,8.550000
hhi,7.250000
hgv,9.140000
hgw,7.140000
hhd,9.010000
hho,9.410000
hhg,7.990000
hhk,8.160000
hhl,6.790000
hfm,7.640000
hdj,8.490000
hgc,7.500000
hgi,9.230000
hgj,8.510000
hfi,8.930000
hgk,5.870000
hfn,8.750000
hfo,6.610000
hft,9.520000
hfu,7.310000
hfw,7.270000
hfy,9.030000
hgf,6.350000
hec,5.580000
hef,8.210000
hei,5.980000
hen,9.030000
hfb,9.100000
heb,8.760000
heq,7.140000
hex,9.830000
hfd,5.050000
hdc,6.270000
hdp,9.770000
hdt,8.380000
hdv,6.110000
hdx,6.330000
hcx,5.690000
hdb,5.290000
hdf,9.380000
hdz,8.500000
hdk,9.360000
hds,6.920000
hdu,6.960000
hbr,7.410000
hbs,9.950000
hby,5.800000
hcc,6.800000
hcd,6.020000
hcr,7.080000
hce,8.460000
hcg,6.150000
hcm,6.470000
hcs,8.420000
hcj,5.710000
hck,7.600000
hcn,5.370000
hco,9.250000
hcu,9.900000
hbn,6.680000
han,5.370000
has,9.440000
hau,7.400000
hav,5.440000
hax,6.560000
hay,7.380000
hbi,6.750000
haq,5.640000
haw,8.470000
hbg,8.330000
gzh,6.250000
gzk,5.270000
gzm,7.850000
gzs,7.680000
gzz,7.110000
gzt,8.900000
gzw,6.500000
gzx,8.790000
gzy,7.610000
haa,9.420000
had,8.230000
hag,7.160000
hak,5.000000
gyc,6.270000
gyd,7.500000
gym,8.890000
gyp,8.530000
gys,5.520000
gyw,7.240000
gye,9.340000
gyg,5.160000
gyi,5.280000
gyj,8.740000
gyo,8.590000
gyz,8.410000
gza,7.260000
gyl,8.610000
gzb,6.060000
gxc,6.990000
gxj,8.080000
gxl,7.350000
gxp,8.980000
gxr,8.900000
gxd,9.030000
gxx,9.440000
gxz,6.570000
gxf,5.680000
gxk,9.410000
gxn,9.380000
gxs,6.710000
gxu,9.450000
gvy,6.270000
gvz,9.240000
gwb,6.170000
gwc,9.940000
gwd,8.190000
gwe,5.490000
gwh,6.570000
gtz,8.350000
gwq,8.380000
gws,9.990000
gww,6.550000
gwg,8.060000
gwm,7.170000
gwt,5.860000
gun,8.490000
gur,5.540000
guw,9.960000
gvc,8.280000
gvh,6.210000
gvl,8.990000
guv,5.910000
gvn,6.460000
gvp,7.750000
grq,8.640000
gua,7.040000
gue,7.570000
gum,5.990000
gtj,5.830000
gtk,7.670000
gtm,5.850000
guc,6.760000
gts,8.190000
gtx,9.990000
gud,9.730000
gug,5.780000
guk,9.990000
gse,8.980000
gsf,6.400000
gsg,7.390000
gsj,6.710000
gsq,7.580000
gsu,5.000000
gtb,5.310000
gtc,8.410000
gsh,7.880000
gsr,7.010000
gss,5.410000
gsv,6.860000
gsx,5.720000
gtf,7.560000
gra,9.650000
grd,9.500000
grf,5.940000
gre,6.130000
gri,5.040000
grl,7.520000
grn,7.360000
gph,8.730000
grt,8.830000
gru,9.490000
gpt,7.590000
gpv,8.960000
gql,8.820000
gqx,5.880000
gqc,6.430000
gqo,9.860000
gqr,5.050000
gqs,8.580000
gqt,8.530000
gov,9.240000
goz,9.030000
gpa,6.840000
gpe,8.520000
gmy,8.550000
gpj,5.970000
gpk,9.530000
gpn,5.040000
gnt,9.760000
gnz,5.460000
goe,5.320000
gok,9.890000
gnj,5.110000
gnl,6.420000
gns,6.280000
gno,5.650000
goc,8.760000
goi,9.820000
gmh,6.500000
gmj,7.150000
gnc,7.700000
gmk,6.370000
gmr,8.990000
gms,6.290000
gmu,7.070000
gmz,5.910000
gna,8.180000
gnf,7.410000
gnh,5.700000
gkz,7.440000
glc,8.910000
glh,5.410000
gln,5.730000
glw,5.810000
gly,6.470000
gma,6.060000
gll,7.080000
glp,6.990000
glr,7.030000
glu,6.200000
glx,5.880000
gmc,7.810000
gku,6.320000
gju,6.570000
gkc,5.800000
gkf,5.830000
gks,7.180000
gjw,6.640000
gjx,7.550000
gkg,6.090000
gkj,9.860000
gkl,9.750000
gkr,9.290000
gkw,9.950000
gky,9.460000
gis,6.030000
gjn,8.290000
gjq,7.930000
gjs,6.760000
giw,6.800000
giz,7.750000
gjf,5.660000
gjk,6.530000
gjo,9.650000
gjp,8.500000
gjt,9.420000
ghk,9.520000
ghl,9.300000
ghv,7.810000
ghw,8.420000
gic,9.790000
gii,9.750000
gin,9.860000
gia,9.910000
ggf,7.690000
ggm,6.360000
ggp,7.540000
ggu,5.280000
ghb,8.930000
ggj,8.230000
ggk,6.840000
ggl,5.390000
ggw,8.680000
ggy,7.410000
ghc,6.170000
ghe,8.030000
gfc,8.700000
gfo,7.930000
gfs,7.670000
gdo,8.750000
gfz,8.440000
gge,8.430000
gfh,5.110000
gfk,5.270000
gfl,6.690000
gfp,7.340000
gfq,7.460000
gfr,9.860000
gfu,7.490000
gga,5.770000
gee,6.230000
gei,7.340000
geo,6.180000
gdw,8.390000
gdy,6.310000
gdz,5.320000
gea,9.720000
gep,8.910000
gef,5.470000
geh,5.920000
gen,8.940000
gej,7.940000
gek,7.530000
geq,6.960000
ger,7.480000
get,9.310000
geu,6.370000
gev,9.940000
gde,6.190000
gdr,9.080000
gcq,7.450000
gcw,7.070000
gcy,9.880000
gds,6.370000
gcz,6.940000
gdg,9.020000
gdm,7.640000
gdh,9.210000
gdi,8.930000
gbm,6.560000
gcf,8.110000
gbn,9.550000
gch,9.680000
gco,6.420000
gbr,9.130000
gbz,8.020000
gcj,6.370000
gcn,6.650000
gar,7.510000
gba,6.040000
gbb,5.480000
gbe,7.620000
gai,7.090000
gaw,5.200000
gan,8.400000
gao,5.080000
gas,5.590000
fyw,9.920000
gbg,5.600000
gbh,7.710000
gbi,8.180000
gbk,7.920000
fzm,6.100000
fzy,8.400000
gaa,9.610000
gab,7.550000
fzc,7.210000
fzf,5.180000
fzg,7.690000
fzj,7.090000
fzk,5.680000
fzl,5.730000
fzs,6.450000
fzv,5.810000
fzw,8.160000
gaf,8.620000
fxw,9.320000
fxz,9.890000
fyh,5.960000
fys,8.090000
fxy,7.420000
fya,7.650000
fyb,5.530000
fyf,9.090000
fyg,7.430000
fyi,8.630000
fyl,5.040000
fyx,9.870000
fyy,9.290000
fza,5.810000
fwr,8.930000
fwu,7.190000
fwv,7.760000
fww,9.160000
fxb,9.170000
fxd,8.040000
fxl,6.900000
fxo,7.730000
fxc,8.950000
fxi,7.610000
fxj,9.010000
fxn,9.080000
fxt,5.670000
fvo,7.680000
fwf,6.200000
fwh,7.680000
fwi,5.460000
fue,8.460000
fvr,9.340000
fvs,9.580000
fwb,5.830000
fwd,5.910000
fwj,8.260000
fwk,7.610000
fwm,5.070000
fwp,8.950000
fum,9.120000
fuo,7.390000
fuv,6.990000
fvb,5.450000
fve,9.550000
fvf,8.920000
fvl,5.220000
fui,8.980000
fuu,8.710000
fuw,7.860000
fvc,8.910000
fvk,9.840000
ftg,7.270000
fth,7.750000
ftn,5.140000
ftp,7.940000
fub,9.020000
fuc,6.530000
ftc,8.300000
ftf,8.290000
ftk,5.620000
ftl,7.630000
fua,9.600000
fud,8.890000
ftq,7.970000
ftr,7.940000
ftx,6.650000
ftz,8.230000
frz,9.600000
fsa,5.650000
fsf,8.200000
fsv,8.060000
fta,5.490000
fsc,7.660000
fsd,8.070000
fse,6.130000
fsk,7.160000
fss,8.250000
fsy,7.900000
fsz,6.520000
fqs,7.990000
frl,6.630000
fqv,7.520000
fra,5.330000
frc,9.930000
frs,8.680000
fpm,8.560000
frw,7.090000
frd,5.410000
frp,7.170000
fpn,8.680000
fps,7.730000
fqa,6.700000
fqf,6.120000
fqk,7.810000
fqn,5.710000
fpr,8.990000
fpt,9.740000
fqc,6.320000
fqp,9.020000
fpv,9.400000
fqg,6.230000
fqh,6.330000
fqm,8.110000
for,9.200000
fos,7.510000
fow,5.080000
fol,7.410000
fon,6.970000
foz,6.790000
fpb,5.950000
fpg,9.170000
fpc,8.030000
fph,5.850000
fnd,9.060000
fne,8.710000
fnr,8.620000
fnx,9.790000
fob,8.610000
fog,8.820000
fnm,9.830000
fnp,6.120000
fnw,8.480000
fny,9.190000
foh,8.000000
fmz,7.450000
fna,5.400000
fnb,7.370000
flz,6.680000
fmb,5.540000
fmd,7.210000
fmk,7.440000
fmu,7.440000
flq,5.340000
flt,7.290000
fkv,8.900000
flm,5.210000
fky,7.860000
fle,6.570000
flv,6.420000
fjs,9.740000
fjo,7.280000
fjt,7.180000
fjy,6.390000
fkb,8.900000
fki,7.210000
fkq,8.230000
fkr,8.780000
fio,7.370000
fip,9.850000
fit,6.680000
fix,5.500000
fja,6.830000
fiw,6.240000
fjd,8.670000
fje,7.930000
fjf,6.820000
fji,5.990000
fjj,6.410000
fjl,6.630000
fjn,5.830000
fhe,9.300000
fhf,9.550000
fhg,6.750000
fhk,9.020000
fhl,7.820000
fhs,8.860000
fhr,6.250000
fhu,5.040000
fhw,7.820000
fhz,9.180000
ffz,5.350000
fgb,7.470000
fdt,8.430000
fge,7.320000
fgl,6.310000
fgm,5.240000
fgf,8.100000
fgh,7.630000
fgj,5.960000
fgn,9.170000
fgq,7.430000
fgv,9.040000
fgr,8.040000
fgu,8.590000
fgw,8.340000
fgx,5.410000
ffl,9.440000
ffu,7.370000
ffw,7.490000
few,8.600000
fez,6.360000
ffc,9.230000
ffe,6.120000
ffm,7.230000
ffh,6.180000
ffk,5.040000
ffn,9.130000
ffp,5.920000
ffq,9.320000
ffx,7.820000
fdr,5.490000
fds,8.080000
fdu,5.170000
fdv,8.500000
fdy,9.190000
fdz,7.970000
feb,5.820000
fed,8.180000
fei,9.570000
fek,5.470000
fen,9.790000
feo,9.560000
fet,5.450000
fcm,5.010000
fcn,9.820000
fco,7.110000
fcs,5.500000
fdm,7.140000
fcp,7.870000
fcu,7.150000
fda,6.980000
fdb,9.970000
fbg,6.190000
fbn,5.740000
fbx,6.030000
fca,7.090000
fcd,7.260000
fcg,5.910000
fci,6.720000
fbi,8.850000
fbp,8.420000
fbs,8.510000
fbt,5.090000
fbv,6.760000
fbw,5.750000
fby,6.530000
fbz,8.960000
fcc,6.640000
faa,5.790000
fab,7.070000
fad,8.840000
fal,9.840000
far,9.430000
faw,5.220000
fac,7.080000
fah,6.990000
faz,6.600000
fbc,5.110000
fbd,8.080000
eyw,7.080000
eyz,9.700000
ezi,6.960000
ezn,9.460000
eza,7.820000
ezc,5.060000
ezd,5.210000
ezp,8.930000
ezg,8.810000
ezh,6.150000
ezm,9.190000
ezr,8.680000
ezv,6.670000
ezs,8.000000
ezu,8.360000
exz,6.370000
eyp,5.300000
ext,9.890000
exy,9.840000
eyd,7.710000
eyi,8.340000
eyk,7.530000
eyl,6.270000
eym,5.600000
eyq,9.090000
exv,6.140000
eyu,9.350000
exw,5.430000
eya,7.890000
eyb,5.630000
eyo,6.990000
eyt,9.080000
ewn,8.250000
ewo,6.650000
exp,5.900000
ewl,8.850000
ewm,5.140000
ewr,9.550000
exm,8.750000
euj,9.460000
eww,6.490000
ewx,9.610000
exe,8.450000
exf,6.960000
exi,8.780000
ewy,8.980000
exc,7.970000
exh,6.780000
exo,7.490000
evo,5.260000
evq,8.230000
evr,9.770000
evv,5.000000
ewa,6.480000
ewf,9.250000
evj,7.340000
evz,8.480000
ewe,6.340000
evt,5.040000
ewb,8.580000
ewd,8.570000
ewi,7.950000
eue,8.160000
euf,8.190000
euz,8.870000
euc,9.320000
eva,7.740000
eug,7.910000
eul,5.520000
eus,5.990000
euu,6.860000
euy,9.440000
evc,7.820000
eve,5.690000
evf,9.500000
esz,7.480000
etl,5.450000
etm,8.590000
etz,9.710000
eta,9.670000
etb,7.720000
etg,7.920000
ett,6.650000
etc,7.090000
eti,8.060000
etn,5.650000
ety,5.840000
esn,5.280000
esr,8.550000
eru,5.000000
erv,8.250000
esc,9.100000
ese,6.680000
esf,5.760000
esg,7.680000
esh,5.070000
esm,6.340000
eso,7.780000
ess,5.010000
est,9.510000
esu,6.950000
eqo,5.150000
eqq,8.390000
eqr,9.200000
eqv,5.600000
erk,8.230000
ern,7.780000
eqw,7.070000
eqy,6.190000
ere,9.610000
erf,6.700000
erg,5.530000
erh,5.310000
eri,5.500000
erj,5.190000
erm,5.470000
epi,7.470000
epj,5.220000
epo,7.130000
eqj,9.520000
eql,9.680000
epm,9.650000
epn,5.520000
epq,5.680000
eni,9.630000
ept,9.710000
epy,9.250000
epz,5.130000
eqg,5.240000
eoc,8.430000
eoe,6.560000
eog,7.280000
eoh,8.860000
eor,5.210000
eov,9.600000
eoz,9.310000
epa,9.540000
epf,5.880000
epg,7.590000
eoi,9.590000
eol,5.290000
eom,9.500000
eos,6.950000
eow,9.990000
enb,7.200000
enj,6.840000
enk,8.860000
enl,6.100000
enp,9.330000
ens,7.400000
enu,6.240000
eoa,8.310000
enm,5.870000
enq,10.000000
env,7.680000
eny,7.920000
enz,6.960000
eob,5.810000
els,9.630000
emd,9.780000
emf,6.010000
emk,6.740000
emn,9.860000
emo,5.210000
emv,5.990000
elt,8.530000
emi,8.940000
elu,7.530000
elz,9.980000
ema,7.910000
eml,5.180000
emp,5.930000
emq,8.540000
eks,8.370000
eky,6.060000
eiq,8.360000
ele,6.590000
ekv,5.450000
ekw,5.780000
elh,9.570000
elr,8.910000
ejl,9.930000
ejn,6.830000
eju,8.470000
ejx,7.330000
ejy,5.690000
ekc,9.080000
ekg,9.780000
eki,7.250000
ekj,5.040000
ejr,9.590000
ejt,7.040000
ejv,6.430000
ekb,8.730000
eke,8.820000
ekm,8.450000
eid,9.440000
eih,7.500000
ein,9.740000
eip,8.510000
eiu,7.230000
ejb,6.120000
eie,5.020000
eig,5.510000
eiw,5.040000
eiz,6.850000
ejc,6.770000
eje,5.190000
ehb,5.550000
ehh,7.420000
eho,8.760000
ehq,7.150000
ehy,7.080000
ehc,8.680000
ehj,7.480000
ehk,9.550000
ehm,9.560000
ehz,8.600000
eia,8.110000
eft,5.860000
efv,9.570000
efz,6.620000
ega,7.270000
egd,6.510000
egf,6.320000
edy,8.580000
egl,8.530000
egn,9.200000
egt,8.830000
egv,9.180000
egw,5.470000
egx,5.120000
efu,8.880000
egc,5.050000
egg,8.560000
egj,5.390000
egq,9.470000
egu,6.230000
eex,7.470000
efp,8.100000
efs,7.040000
eeo,8.010000
ees,8.340000
eet,9.510000
eeu,5.840000
eew,7.280000
eey,8.410000
eez,6.500000
efd,9.600000
efi,6.580000
efl,7.690000
efq,9.260000
edk,8.770000
edn,7.590000
edw,8.810000
eds,5.870000
edt,9.370000
edu,8.040000
edv,7.040000
edz,5.490000
eeg,5.050000
eeb,6.790000
eec,8.080000
eel,9.810000
eed,7.400000
eem,8.030000
ecp,8.900000
ecz,8.810000
ecf,9.750000
ecg,6.890000
ecl,9.380000
ecm,7.360000
eco,8.090000
ecw,5.750000
edd,6.380000
ede,5.080000
edf,6.380000
ebf,6.110000
ebm,8.890000
eca,7.210000
ebb,8.710000
ebi,7.690000
ebj,9.060000
ebl,8.330000
dzg,9.180000
ecb,6.750000
ecc,8.980000
dzz,6.220000
eaf,8.590000
eao,7.250000
eap,5.960000
eaq,8.040000
dzv,6.060000
eaa,6.810000
ead,8.800000
eai,5.270000
eal,6.080000
ear,5.260000
eas,5.360000
eat,7.470000
eav,9.510000
eax,6.080000
dyq,5.710000
dyr,6.280000
dze,6.020000
dzh,6.140000
dzi,7.050000
dyt,7.120000
dyu,5.610000
dyv,6.840000
dyx,6.960000
dza,9.730000
dzo,6.370000
dzt,9.090000
dzd,8.460000
dzn,6.420000
dxz,9.020000
dyc,9.740000
dyn,5.830000
dxk,8.800000
dxm,9.760000
dxn,5.140000
dxo,5.640000
dxx,5.730000
dya,6.710000
dye,7.550000
dyg,8.240000
dyh,8.290000
dyj,9.150000
dyk,9.780000
dyl,6.680000
dym,9.270000
dww,7.010000
dwj,7.440000
duo,8.440000
dwy,8.390000
dxg,6.430000
dwl,9.660000
dwu,9.960000
dwz,8.530000
dwo,9.550000
dwq,5.860000
dwr,9.290000
dxe,9.540000
dxf,8.910000
dwt,6.000000
dxb,6.250000
dxd,5.940000
dvm,7.470000
dvr,9.720000
dvw,5.190000
dwc,9.710000
dwd,9.450000
dvg,7.240000
dvj,5.060000
dvk,6.270000
dvl,5.090000
dvn,5.180000
dvu,5.160000
dvy,9.360000
duc,9.490000
duf,9.660000
dul,8.550000
dtx,7.570000
dtz,7.270000
dub,7.870000
duj,6.190000
dus,9.500000
duv,8.840000
duw,8.820000
duz,7.150000
dsq,9.740000
dss,6.060000
dsu,7.490000
dsw,6.500000
dsx,9.810000
dsy,5.580000
dtb,9.240000
dte,9.090000
dtp,9.710000
dtq,7.590000
drs,9.540000
drn,7.070000
drq,9.370000
dsh,6.410000
drw,8.170000
dry,6.990000
dsd,5.960000
dsc,8.530000
dpw,9.830000
dsg,6.310000
dsi,7.910000
dqo,9.950000
dqt,5.170000
dqy,7.990000
dqz,6.160000
dra,6.370000
drc,7.680000
drd,5.320000
drf,5.960000
drg,9.620000
dri,7.770000
drk,7.400000
dqg,7.440000
dqi,7.150000
dqj,8.450000
dqq,5.310000
dql,9.080000
dqn,9.970000
dqp,9.820000
dqx,5.280000
dre,6.660000
drh,9.270000
dpn,9.700000
dpt,9.850000
dpu,8.710000
dpe,9.270000
dpg,6.170000
dph,8.310000
dpj,8.150000
dpr,5.940000
dpz,9.290000
dnx,9.780000
doa,9.230000
dok,8.400000
dot,8.340000
dov,9.140000
dow,8.600000
dob,5.760000
doc,9.940000
doj,6.310000
dop,8.400000
dor,8.370000
dou,8.530000
doy,9.960000
doz,8.580000
dpa,6.610000
dmt,7.790000
dmu,7.150000
dmv,9.380000
dmx,8.550000
dnb,5.140000
dnd,6.540000
dnh,7.540000
dnk,8.380000
dno,7.290000
dmw,5.720000
dnf,7.530000
dnj,7.810000
dle,9.920000
dnt,6.530000
dlz,5.670000
dmj,6.430000
dml,9.140000
dlm,6.160000
dlv,5.310000
dmb,8.960000
dme,7.030000
dmf,7.410000
dmg,9.800000
dmi,9.810000
dmk,8.640000
dmm,8.880000
dla,9.810000
dlg,5.000000
dkh,5.490000
dki,6.520000
dkw,9.440000
dld,5.260000
dkk,8.790000
dko,8.360000
dlc,6.410000
dkp,5.150000
dkq,6.550000
dkt,6.870000
dku,8.500000
dkx,7.930000
dkz,5.770000
div,9.530000
dlh,5.100000
dll,6.080000
dji,6.520000
djd,9.620000
djh,8.000000
dka,8.560000
dkb,8.980000
djv,9.120000
dkf,5.340000
dke,5.190000
dic,5.770000
dig,9.800000
dhx,7.940000
dia,6.480000
did,6.970000
din,8.460000
djb,5.350000
diq,9.090000
dgy,8.700000
dhb,5.330000
dhf,6.140000
dgs,8.570000
dgt,5.400000
dha,5.240000
dgv,5.310000
dhs,8.360000
dgx,6.700000
dgz,8.050000
dhi,6.420000
dhn,5.800000
dhq,6.040000
dht,7.270000
dfp,5.110000
dfq,5.030000
dfz,6.790000
dgr,5.920000
dft,8.260000
dgc,6.330000
dgg,7.510000
dgl,7.920000
ded,9.580000
dgp,7.610000
dej,9.620000
del,6.710000
deo,9.970000
dep,8.500000
dez,9.950000
dfc,6.910000
dfe,10.000000
dff,6.040000
dfg,7.400000
dfh,9.670000
dei,8.010000
des,8.520000
det,7.200000
dew,8.580000
dde,6.600000
ddg,8.090000
ddw,6.660000
ddx,9.570000
ddq,8.150000
ddt,9.750000
ddv,6.240000
ddy,6.760000
dec,9.170000
dca,8.660000
dci,5.860000
dct,8.080000
dcd,5.970000
dcf,8.650000
dcg,8.470000
dch,6.120000
ddb,6.880000
dcn,9.070000
dco,5.210000
dcp,5.910000
dcw,8.420000
dcz,6.800000
ddc,6.800000
daz,6.090000
dba,5.740000
dbg,6.920000
dbi,5.290000
dbp,9.190000
day,5.170000
dbx,7.520000
czu,9.280000
daa,7.750000
daf,9.800000
dam,6.170000
das,8.840000
czp,7.520000
czv,7.250000
czy,8.920000
dai,5.050000
dao,6.500000
daq,9.500000
cyj,8.410000
cyl,7.260000
cym,5.830000
cyz,8.620000
czm,5.710000
cyo,5.540000
cyq,8.230000
cys,6.090000
cyy,7.970000
czc,6.020000
czh,5.050000
czj,7.550000
czk,6.300000
cxe,6.270000
cxr,8.520000
cxu,5.540000
cxm,9.660000
cxp,9.330000
cyg,5.540000
cvz,6.150000
cwg,7.680000
cwk,6.710000
cwq,8.010000
cww,6.750000
cwy,9.180000
cwd,8.130000
cwe,7.180000
cwl,5.980000
cwz,7.850000
cwo,5.520000
cwx,6.220000
cxa,9.790000
cuw,6.510000
cuy,5.120000
cvd,9.940000
cvf,7.520000
cvg,9.550000
cvn,7.880000
cvp,7.750000
cuu,7.460000
cuz,6.790000
cva,6.120000
cvl,8.660000
cvm,5.470000
cvo,6.920000
cty,7.310000
ctz,6.160000
cuf,9.710000
cug,7.870000
cuh,8.080000
cuj,5.580000
cul,5.600000
cts,7.090000
ctu,9.560000
ctv,8.690000
ctw,7.210000
cue,5.160000
cum,5.050000
cun,8.030000
cuo,9.820000
csv,7.520000
cth,5.440000
cto,7.550000
csn,8.330000
cso,7.870000
csp,8.110000
csr,9.500000
ctj,6.040000
ctl,6.190000
ctn,5.610000
csw,8.450000
csy,6.510000
ctb,7.260000
ctd,9.290000
cte,8.460000
ctg,8.200000
ctk,7.720000
crl,9.320000
crp,8.340000
cse,9.080000
csf,8.780000
crh,6.370000
crk,5.230000
crq,8.160000
crt,7.350000
csa,8.010000
cqm,8.110000
cqq,6.980000
cns,9.200000
cqd,6.950000
cqg,9.030000
cqh,6.400000
cqi,8.650000
cqj,5.030000
cqp,9.780000
cqt,5.750000
cqz,5.690000
crd,6.790000
cpf,6.180000
cph,9.920000
cpi,5.200000
cov,6.190000
cpa,5.580000
cpd,5.400000
cpk,9.580000
cpl,6.090000
cpp,5.900000
cpv,8.110000
cpx,6.570000
cpm,6.060000
cpq,7.690000
cpr,9.290000
cps,6.110000
cpy,5.440000
coo,6.000000
cor,7.350000
cos,5.500000
cot,5.630000
cnt,6.090000
cnv,5.340000
cnw,6.350000
coa,9.870000
coc,5.460000
cod,8.190000
cog,9.320000
col,5.740000
cop,5.860000
cmm,9.670000
cmp,5.960000
cms,5.500000
cmz,8.440000
cna,6.920000
cnd,9.950000
cng,8.940000
cnl,5.020000
cnm,8.940000
cnn,5.440000
clh,5.120000
cli,6.840000
cll,5.310000
clq,6.780000
cln,8.970000
clp,6.990000
clu,9.530000
clv,5.170000
clw,6.670000
cly,6.710000
clz,5.790000
cme,5.970000
cmg,9.330000
cmk,8.450000
ckb,9.360000
ckc,5.990000
cke,7.260000
ckl,5.250000
cld,9.210000
ckd,8.690000
cki,5.910000
cko,5.680000
ckh,6.180000
ckn,7.490000
ckp,6.080000
ckq,9.210000
cks,6.770000
cky,5.420000
cix,6.940000
ciy,8.550000
cjc,8.420000
cjf,5.150000
cjg,9.620000
cjl,9.740000
cjr,6.920000
cjs,5.100000
cka,7.500000
cjq,9.660000
chr,8.770000
cij,8.620000
cik,7.790000
cip,9.510000
ciu,8.130000
chu,9.270000
cic,8.030000
cie,8.860000
cig,9.610000
cih,9.140000
cio,7.500000
cgm,7.680000
cgu,5.810000
cgo,8.140000
cgp,9.400000
cgz,5.720000
chd,7.920000
chg,5.500000
chh,9.870000
chk,5.990000
chl,7.220000
chp,6.580000
chq,6.910000
cfk,5.860000
cfm,8.000000
cfp,5.360000
cft,9.020000
cgb,8.140000
cfs,5.100000
cfx,9.490000
cgj,5.180000
cec,5.470000
ced,8.400000
cen,6.370000
cep,5.610000
cfd,6.510000
cee,7.400000
ceh,7.170000
cff,7.240000
cej,7.210000
cel,8.420000
ceo,6.820000
cez,7.560000
cfb,9.800000
ccx,5.340000
ccy,6.890000
cdg,8.900000
cdj,9.750000
cdl,7.820000
cdo,9.030000
cdp,5.980000
cdq,5.590000
ccz,7.860000
cdx,5.650000
cdi,6.490000
cdk,8.460000
cdn,6.050000
cdy,5.380000
ceb,6.390000
cce,8.460000
ccl,6.830000
ccr,5.850000
cby,8.870000
bzq,9.260000
cck,5.930000
ccb,6.910000
ccd,7.680000
ccf,9.960000
cch,6.890000
cci,6.790000
ccj,7.870000
ccp,7.260000
ccs,9.350000
cct,5.240000
ccv,5.800000
ccw,8.660000
cas,7.330000
cat,6.470000
cav,7.770000
caz,9.770000
cbb,9.710000
cbc,8.040000
cbd,7.950000
cbe,9.550000
cbf,8.040000
cbh,8.400000
cbi,7.120000
cbk,5.620000
cbm,6.140000
cbn,7.760000
cbo,8.560000
cbp,8.950000
cbq,7.450000
cbr,5.100000
bzi,9.740000
cam,9.230000
bzn,5.690000
bzp,9.570000
bxh,9.350000
bzs,9.650000
bzw,9.980000
cal,7.170000
bzx,5.570000
cab,8.580000
caf,6.410000
cag,9.830000
cah,7.670000
byl,7.510000
byq,9.360000
byv,8.670000
byy,8.750000
bzg,8.850000
bye,6.580000
byg,7.830000
bym,8.620000
byn,6.580000
byp,6.080000
bys,8.540000
byu,8.920000
byz,8.500000
bza,7.770000
bzc,7.780000
bze,9.480000
bzf,9.610000
bxd,7.080000
bxw,9.020000
bxa,6.420000
bxb,6.560000
bxi,7.840000
bxj,8.910000
bxk,7.110000
bxl,5.500000
bxq,7.290000
bxu,6.210000
bxx,9.460000
bxf,6.560000
buy,9.080000
bxp,5.020000
byb,6.320000
byc,8.620000
bvu,7.290000
bvv,9.550000
bvy,6.000000
bwa,7.900000
bwb,5.230000
bwi,5.110000
bwu,7.790000
bwe,8.920000
bwh,8.030000
bwj,9.550000
bwm,8.280000
bwf,6.380000
bwk,6.220000
bwr,9.210000
bws,7.290000
bwt,9.920000
bww,9.510000
bwx,8.140000
bve,6.650000
bvj,7.420000
bvo,8.620000
buq,7.370000
bvr,7.190000
bur,9.240000
buw,9.810000
bsp,9.080000
bvd,7.510000
bvh,8.500000
btl,8.200000
bto,7.870000
bua,8.820000
btm,8.330000
btr,8.090000
btz,8.210000
bub,9.410000
bue,5.950000
buk,9.920000
bse,6.000000
bsg,5.200000
bsl,5.580000
bsm,6.500000
bss,7.550000
bsx,5.270000
bsf,5.050000
bsh,9.650000
bsi,9.910000
bta,8.320000
btc,6.260000
btg,6.480000
bqz,7.060000
bra,6.980000
brq,9.780000
brb,5.640000
brl,5.840000
brx,7.270000
brd,9.350000
brf,8.140000
bry,6.680000
bri,9.460000
brm,7.300000
bro,5.030000
brp,7.340000
brs,8.930000
brt,5.640000
brv,9.170000
bqc,8.220000
bqi,6.790000
bql,6.080000
bqq,5.660000
bqs,7.420000
bpu,7.680000
bpw,9.860000
bpy,8.960000
bqe,5.320000
bqn,6.280000
bqu,7.490000
bqy,5.790000
boy,7.140000
bpg,9.550000
bph,8.050000
bpj,9.920000
bpk,9.730000
bpo,8.320000
boq,8.440000
boz,9.930000
bpp,8.860000
bpt,6.850000
bpd,9.090000
bpe,7.680000
bpm,9.850000
bnk,8.940000
bnl,9.870000
bnu,7.730000
bog,7.730000
bol,9.450000
bon,6.070000
bns,7.730000
bnv,9.720000
bnz,8.790000
boa,5.870000
bob,6.520000
bod,5.970000
bof,6.570000
boh,8.610000
bom,5.560000
bmf,7.950000
bmp,8.830000
bnf,8.290000
bmr,7.480000
bmx,8.820000
bnd,9.370000
bmy,8.810000
bng,8.940000
bla,7.480000
blg,6.860000
bly,9.430000
bme,8.740000
blh,5.700000
blk,5.860000
bll,8.360000
blr,9.820000
blu,9.470000
bma,6.910000
bmc,8.290000
bjx,5.530000
bjz,5.610000
bki,9.120000
bkl,5.100000
bkm,6.210000
bkn,6.230000
bkr,5.660000
bkz,7.150000
bjv,8.630000
bjw,8.730000
bka,5.300000
bkd,5.790000
bkj,7.850000
bku,8.430000
biq,8.010000
bir,8.150000
bis,5.270000
biu,5.150000
bix,9.070000
bjd,6.300000
bgw,8.570000
bjr,9.300000
bje,7.110000
bjh,6.790000
bjo,5.750000
bjp,8.940000
bjs,5.700000
bht,7.180000
bhv,5.750000
bhz,8.580000
bii,8.800000
bhm,9.840000
bho,8.440000
bhw,6.280000
bhx,5.530000
bib,5.430000
bie,8.450000
bif,7.710000
bin,6.190000
bgn,5.310000
bgu,8.850000
ben,8.080000
bhc,7.780000
bgk,5.030000
bgm,7.060000
bgo,8.700000
bgp,6.630000
bgr,6.710000
bhd,5.880000
bhh,6.840000
bfg,5.330000
bfi,6.320000
bfs,9.250000
bfl,6.610000
bfo,9.400000
bgb,7.190000
bfq,8.190000
bfr,6.460000
bfw,9.290000
bfy,5.000000
bga,6.520000
bgc,6.000000
bea,6.870000
beb,9.550000
bec,6.710000
bef,9.990000
bem,6.110000
bce,8.670000
beq,5.390000
beu,9.780000
bev,7.880000
bew,6.440000
bez,6.930000
bed,8.980000
bep,5.190000
bey,9.530000
bcs,6.630000
bdd,7.860000
bdk,6.640000
bdl,7.210000
bdu,7.050000
bcx,8.680000
bcz,8.620000
bda,6.330000
bdc,9.510000
bdf,9.600000
bdr,9.870000
bbs,8.240000
bcc,7.560000
bcg,9.970000
bbn,7.510000
bck,7.330000
bcn,8.770000
baj,8.950000
bal,5.620000
bas,5.380000
bba,5.310000
bbl,8.330000
bam,6.510000
bao,9.540000
baw,8.790000
bbb,8.370000
bbc,8.460000
azc,8.090000
bae,9.100000
aze,9.380000
azx,8.070000
baa,5.570000
azj,8.020000
azl,5.620000
azn,6.720000
azz,6.590000
bab,9.750000
axz,6.630000
aye,7.140000
axx,5.920000
aya,8.990000
ayb,6.210000
ayd,9.860000
ayi,7.140000
ayj,8.740000
ayn,9.770000
ayp,7.330000
ays,9.570000
ayt,9.360000
aws,7.290000
awu,7.610000
axs,10.000000
axv,8.180000
awt,8.240000
awy,7.130000
awz,6.320000
axa,9.990000
axc,9.550000
axg,5.410000
axh,6.640000
axi,6.250000
axq,9.720000
axt,5.670000
axt,5.670000
